"","number","year","species","data","cv","predicted","residual","nll","numero"
"1",1,1,1,10935600,0.1,326451000,-3.39626,591.552,1000
"2",1,2,1,9581590,0.1,1335090000,-4.93691,1233.35,1000
"3",1,3,1,10305400,0.1,1932700000,-5.23401,1384.51,1000
"4",1,4,1,10493900,0.1,2307180000,-5.39299,1469,1000
"5",1,5,1,12148400,0.1,2430560000,-5.29868,1418.73,1000
"6",1,6,1,12945500,0.1,2338810000,-5.19665,1365.25,1000
"7",1,7,1,9884340,0.1,5275670000,-6.27991,1986.59,1000
"8",1,8,1,11881700,0.1,7190660000,-6.40554,2066.45,1000
"9",1,9,1,13937900,0.1,8010590000,-6.35391,2033.67,1000
"10",1,10,1,11195700,0.1,7973770000,-6.56838,2172.03,1000
"11",1,11,1,10780500,0.1,7785450000,-6.58228,2181.13,1000
"12",1,12,1,10638000,0.1,8879090000,-6.72702,2277.44,1000
"13",1,13,1,11609700,0.1,9721120000,-6.73021,2279.67,1000
"14",1,14,1,10321100,0.1,10554500000,-6.93012,2416.09,1000
"15",1,15,1,9363720,0.1,10627800000,-7.03439,2488.8,1000
"16",1,16,1,8094540,0.1,10400300000,-7.1584,2576.66,1000
"17",1,17,1,6067050,0.1,9508960000,-7.35712,2720.59,1000
"18",1,18,1,4359770,0.1,9102500000,-7.64388,2935.35,1000
"19",1,19,1,3937300,0.1,8180580000,-7.63902,2931.54,1000
"20",1,20,1,2698720,0.1,7058280000,-7.86918,3109.62,1000
"21",1,21,1,3483810,0.1,6398830000,-7.51574,2838,1000
"22",1,22,1,2779550,0.1,5722120000,-7.62981,2924.15,1000
"23",1,23,1,2582230,0.1,4999770000,-7.56849,2877.48,1000
"24",1,24,1,2516200,0.1,4263560000,-7.43511,2777.4,1000
"25",1,25,1,2907810,0.1,3599370000,-7.12111,2549.01,1000
"26",1,26,1,2615700,0.1,3307420000,-7.14239,2564.08,1000
"27",1,27,1,2581690,0.1,2985740000,-7.05316,2500.73,1000
"28",1,28,1,2809950,0.1,2660550000,-6.85312,2361.73,1000
"29",1,29,1,3232970,0.1,2312560000,-6.57271,2173.63,1000
"30",1,30,1,2740510,0.1,1966990000,-6.57611,2175.7,1000
"31",1,31,1,3553910,0.1,1863810000,-6.26233,1974.54,1000
"32",1,32,1,2522630,0.1,2149960000,-6.7479,2290.07,1000
"33",1,33,1,2894490,0.1,33499600000,-9.35648,4390.68,1000
"34",1,34,1,3311950,0.1,5.515e+10,-9.72028,4737.82,1000
"35",1,35,1,3139250,0.1,73179600000,-10.0567,5070.42,1000
"36",1,36,1,3090740,0.1,80423300000,-10.1666,5181.6,1000
"37",1,37,1,2698760,0.1,79453300000,-10.2901,5307.76,1000
"38",1,38,1,3411140,0.1,73356400000,-9.97604,4989.73,1000
"39",1,39,1,2849860,0.1,64729100000,-10.0307,5044.22,1000
"40",1,40,1,3249940,0.1,5.5554e+10,-9.74647,4763.3,1000
"41",1,41,1,4965670,0.1,46568500000,-9.14613,4196.62,1000
"42",1,42,1,5091180,0.1,38532900000,-8.93176,4002.87,1000
"43",1,43,1,6431470,0.1,31420300000,-8.49401,3621.7,1000
"44",1,44,1,5534710,0.1,26585100000,-8.47707,3607.17,1000
"45",1,45,1,7777070,0.1,22403500000,-7.96579,3187.18,1000
"46",1,46,1,7839800,0.1,18680600000,-7.77603,3037.82,1000
"47",1,47,1,7952210,0.1,15475100000,-7.57353,2882.43,1000
"48",1,48,1,7638190,0.1,12694200000,-7.41574,2764.12,1000
"49",1,49,1,6847360,0.1,1.0367e+10,-7.32252,2695.32,1000
"50",1,50,1,7898050,0.1,8465450000,-6.97713,2448.52,1000
"51",1,51,1,9688330,0.1,46276400000,-8.47147,3602.99,1000
"52",1,52,1,8292970,0.1,7.2407e+10,-9.07465,4132.01,1000
"53",1,53,1,6869180,0.1,85325200000,-9.42718,4457.94,1000
"54",1,54,1,8924690,0.1,87330100000,-9.18863,4236.17,1000
"55",1,55,1,9452460,0.1,82741300000,-9.0772,4134.46,1000
"56",1,56,1,9566650,0.1,74274400000,-8.95724,4026.3,1000
"57",1,57,1,8487730,0.1,64323900000,-8.93306,4004.55,1000
"58",1,58,1,8649680,0.1,54382300000,-8.74627,3839.45,1000
"59",1,59,1,7902700,0.1,45054400000,-8.64842,3754.26,1000
"60",1,60,1,7070200,0.1,36735600000,-8.55561,3674.31,1000
"61",1,61,1,7982680,0.1,29766700000,-8.22387,3396.11,1000
"62",1,62,1,7015600,0.1,33779600000,-8.47948,3609.46,1000
"63",1,63,1,8331350,0.1,36278500000,-8.37896,3524.9,1000
"64",1,64,1,7983420,0.1,36069500000,-8.41583,3555.82,1000
"65",1,65,1,8400800,0.1,34111500000,-8.30906,3466.59,1000
"66",1,66,1,8467740,0.1,94920700000,-9.32453,4361.91,1000
"67",1,67,1,7076960,0.1,1.35966e+11,-9.86331,4878.64,1000
"68",1,68,1,7161570,0.1,1.53981e+11,-9.97586,4990.29,1000
"69",1,69,1,7462250,0.1,1.65522e+11,-10.007,5021.45,1000
"70",1,70,1,6816980,0.1,1.62684e+11,-10.0801,5094.82,1000
"71",1,71,1,6078860,0.1,1.52129e+11,-10.1277,5142.72,1000
"72",1,72,1,5505540,0.1,1.35921e+11,-10.1141,5128.86,1000
"73",1,73,1,5986350,0.1,1.19038e+11,-9.89772,4912.46,1000
"74",1,74,1,7260330,0.1,1.01749e+11,-9.54784,4572.48,1000
"75",1,75,1,6534230,0.1,85235800000,-9.47612,4504.15,1000
"76",1,76,1,6610540,0.1,70153100000,-9.26977,4310.75,1000
"77",1,77,1,6547110,0.1,56868700000,-9.06948,4127.08,1000
"78",1,78,1,6675050,0.1,45735700000,-8.83226,3914.77,1000
"79",1,79,1,6041820,0.1,36441200000,-8.70475,3802.86,1000
"80",1,80,1,6349180,0.1,29515400000,-8.44434,3579.63,1000
"81",1,1,2,1546970,0.1,43096100,-3.32713,566.359,1000
"82",1,2,2,1283920,0.1,73412700,-4.04618,831.26,1000
"83",1,3,2,1498270,0.1,65572300,-3.77884,726.819,1000
"84",1,4,2,1577970,0.1,26334100,-2.81472,409.022,1000
"85",1,5,2,1335660,0.1,45594800,-3.53037,635.897,1000
"86",1,6,2,1837360,0.1,66329700,-3.58631,656.12,1000
"87",1,7,2,3320420,0.1,41866900,-2.53441,334.793,1000
"88",1,8,2,900170,0.1,23068300,-3.24363,538.383,1000
"89",1,9,2,1916240,0.1,15603600,-2.09714,232.981,1000
"90",1,10,2,2130360,0.1,17398000,-2.10007,233.703,1000
"91",1,11,2,2168880,0.1,19075200,-2.17418,249.558,1000
"92",1,12,2,1230880,0.1,15353800,-2.52363,331.075,1000
"93",1,13,2,1196980,0.1,6771780,-1.73296,162.769,1000
"94",1,14,2,1233600,0.1,8643400,-1.94686,202.155,1000
"95",1,15,2,1848300,0.1,11005600,-1.78414,172.204,1000
"96",1,16,2,1095810,0.1,7558320,-1.93115,198.991,1000
"97",1,17,2,1931610,0.1,5347260,-1.01823,64.9297,1000
"98",1,18,2,1594320,0.1,4256700,-0.982049,61.1193,1000
"99",1,19,2,1543790,0.1,2465810,-0.468278,23.8303,1000
"100",1,20,2,1545510,0.1,5725260,-1.30953,98.611,1000
"101",1,21,2,1983190,0.1,8192730,-1.41854,113.729,1000
"102",1,22,2,2004580,0.1,4356470,-0.776227,43.2537,1000
"103",1,23,2,3394980,0.1,439174000,-4.8626,1195.9,1000
"104",1,24,2,1946390,0.1,357193000,-5.2123,1371.5,1000
"105",1,25,2,1932390,0.1,149456000,-4.34825,958.453,1000
"106",1,26,2,1874090,0.1,60049900,-3.46705,614.082,1000
"107",1,27,2,2168350,0.1,284124000,-4.87544,1201.7,1000
"108",1,28,2,1393230,0.1,318627000,-5.4324,1488.31,1000
"109",1,29,2,2418050,0.1,181891000,-4.32044,946.627,1000
"110",1,30,2,2180870,0.1,87138600,-3.68778,693.196,1000
"111",1,31,2,1891550,0.1,41046200,-3.0773,486.558,1000
"112",1,32,2,1784820,0.1,3961520000,-7.70507,2981.42,1000
"113",1,33,2,2273660,0.1,6300040000,-7.92692,3155.06,1000
"114",1,34,2,2278940,0.1,3873850000,-7.43829,2779.67,1000
"115",1,35,2,1817180,0.1,1708480000,-6.84608,2356.47,1000
"116",1,36,2,2046430,0.1,522319000,-5.54218,1548.94,1000
"117",1,37,2,1700480,0.1,92331400,-3.99447,810.753,1000
"118",1,38,2,2376410,0.1,13364400,-1.727,162.424,1000
"119",1,39,2,1898410,0.1,4606600,-0.886473,52.3646,1000
"120",1,40,2,2716740,0.1,8319900,-1.11922,76.0636,1000
"121",1,41,2,2631980,0.1,9003230,-1.22985,89.0257,1000
"122",1,42,2,2262510,0.1,4129500,-0.601681,31.3493,1000
"123",1,43,2,2051720,0.1,2983270,-0.374343,20.1572,1000
"124",1,44,2,1799790,0.1,3471530,-0.656928,34.5973,1000
"125",1,45,2,1944410,0.1,2835140,-0.377134,20.2083,1000
"126",1,46,2,1530630,0.1,1668810,-0.0864309,13.2311,1000
"127",1,47,2,1722760,0.1,887880,0.66285,34.9443,1000
"128",1,48,2,2276620,0.1,547967,1.42423,114.676,1000
"129",1,49,2,1978090,0.1,256076,2.04441,222.095,1000
"130",1,50,2,1924260,0.1,174878,2.3982,300.656,1000
"131",1,51,2,1527210,0.1,200215,2.0318,219.267,1000
"132",1,52,2,2287090,0.1,1204830,0.640942,33.7995,1000
"133",1,53,2,2318260,0.1,1817590,0.243303,16.2325,1000
"134",1,54,2,1979080,0.1,1078350,0.607197,31.5489,1000
"135",1,55,2,2536320,0.1,20919900,-2.10999,235.965,1000
"136",1,56,2,1542850,0.1,30276400,-2.97674,455.913,1000
"137",1,57,2,3227680,0.1,17515400,-1.69132,156.631,1000
"138",1,58,2,2161980,0.1,7010770,-1.17642,82.4014,1000
"139",1,59,2,2670540,0.1,2560480,0.0420839,13.5027,1000
"140",1,60,2,2673910,0.1,6822420,-0.936671,57.283,1000
"141",1,61,2,3134160,0.1,8943460,-1.04856,68.5483,1000
"142",1,62,2,2459880,0.1,3093150,-0.229077,15.9558,1000
"143",1,63,2,3028060,0.1,7884360,-0.956959,59.3283,1000
"144",1,64,2,2437640,0.1,7208520,-1.08423,72.1011,1000
"145",1,65,2,2145710,0.1,4567570,-0.755512,41.7352,1000
"146",1,66,2,3076420,0.1,2398020,0.249121,16.6587,1000
"147",1,67,2,1817630,0.1,2844210,-0.447751,23.0535,1000
"148",1,68,2,1994570,0.1,65362500,-3.48952,621.96,1000
"149",1,69,2,2304620,0.1,50207800,-3.08125,487.973,1000
"150",1,70,2,2296980,0.1,17262600,-2.01695,216.667,1000
"151",1,71,2,2043380,0.1,15711200,-2.03977,221.179,1000
"152",1,72,2,1855870,0.1,9996450,-1.68388,154.822,1000
"153",1,73,2,3003790,0.1,13531500,-1.50514,126.804,1000
"154",1,74,2,1878180,0.1,12531300,-1.89793,193.169,1000
"155",1,75,2,2832140,0.1,16921300,-1.78754,173.238,1000
"156",1,76,2,2357740,0.1,23353800,-2.29305,276.194,1000
"157",1,77,2,2231340,0.1,12025700,-1.68444,155.102,1000
"158",1,78,2,2076590,0.1,5694820,-1.00883,64.0496,1000
"159",1,79,2,2131080,0.1,2474850,-0.149547,14.3067,1000
"160",1,80,2,1672270,0.1,1232440,0.305186,17.603,1000
"161",1,1,3,376169,0.1,9819990,-3.26214,543.531,1000
"162",1,2,3,439043,0.1,12190000,-3.32377,563.981,1000
"163",1,3,3,431449,0.1,10819700,-3.22198,530.648,1000
"164",1,4,3,382372,0.1,9005790,-3.15923,510.507,1000
"165",1,5,3,407774,0.1,7265270,-2.88015,426.297,1000
"166",1,6,3,407048,0.1,5821980,-2.66046,365.436,1000
"167",1,7,3,407918,0.1,4690370,-2.4422,309.752,1000
"168",1,8,3,452344,0.1,7273640,-2.77757,397.383,1000
"169",1,9,3,436460,0.1,12602200,-3.36293,577.068,1000
"170",1,10,3,370975,0.1,16010700,-3.76488,720.156,1000
"171",1,11,3,387360,0.1,16619600,-3.75898,717.981,1000
"172",1,12,3,313828,0.1,15346800,-3.88982,767.807,1000
"173",1,13,3,479614,0.1,13170500,-3.31275,560.414,1000
"174",1,14,3,393831,0.1,10760200,-3.30768,558.539,1000
"175",1,15,3,326650,0.1,11968600,-3.60115,659.728,1000
"176",1,16,3,317267,0.1,16061100,-3.92441,781.333,1000
"177",1,17,3,347575,0.1,18558900,-3.97773,802.49,1000
"178",1,18,3,304808,0.1,18467500,-4.10409,853.42,1000
"179",1,19,3,233152,0.1,16551400,-4.26254,919.437,1000
"180",1,20,3,268164,0.1,13867400,-3.9457,789.544,1000
"181",1,21,3,274750,0.1,11132300,-3.70174,696.286,1000
"182",1,22,3,257684,0.1,8750130,-3.52509,632.389,1000
"183",1,23,3,200489,0.1,6827770,-3.52799,633.162,1000
"184",1,24,3,251398,0.1,5290350,-3.0466,475.141,1000
"185",1,25,3,241711,0.1,4075710,-2.82505,410.059,1000
"186",1,26,3,243314,0.1,3124450,-2.55266,336.823,1000
"187",1,27,3,223849,0.1,2406850,-2.3751,292.99,1000
"188",1,28,3,232143,0.1,1874340,-2.08866,229.096,1000
"189",1,29,3,213066,0.1,1463970,-1.9273,196.611,1000
"190",1,30,3,225371,0.1,1208220,-1.67916,151.92,1000
"191",1,31,3,190450,0.1,1066590,-1.72283,159.181,1000
"192",1,32,3,210164,0.1,938252,-1.49613,122.792,1000
"193",1,33,3,196360,0.1,808080,-1.41471,110.875,1000
"194",1,34,3,235619,0.1,683070,-1.06438,67.6318,1000
"195",1,35,3,198649,0.1,562935,-1.04163,65.0648,1000
"196",1,36,3,184529,0.1,462844,-0.919582,53.0235,1000
"197",1,37,3,197356,0.1,417729,-0.749826,38.921,1000
"198",1,38,3,229759,0.1,407395,-0.572753,27.3634,1000
"199",1,39,3,208777,0.1,386431,-0.615687,29.8189,1000
"200",1,40,3,183164,0.1,347507,-0.640403,31.2403,1000
"201",1,41,3,193368,0.1,301513,-0.444218,20.6552,1000
"202",1,42,3,238978,0.1,263210,-0.0965825,11.4669,1000
"203",1,43,3,230923,0.1,352093,-0.42181,19.8624,1000
"204",1,44,3,253940,0.1,600223,-0.860204,48.0588,1000
"205",1,45,3,225133,0.1,846776,-1.32474,98.6882,1000
"206",1,46,3,235824,0.1,1291620,-1.70057,155.584,1000
"207",1,47,3,302074,0.1,1840300,-1.80701,174.499,1000
"208",1,48,3,275634,0.1,2112250,-2.03644,218.497,1000
"209",1,49,3,290258,0.1,2069930,-1.9645,204.158,1000
"210",1,50,3,264689,0.1,1851260,-1.94507,200.267,1000
"211",1,51,3,300982,0.1,1590930,-1.66502,149.846,1000
"212",1,52,3,230016,0.1,1335260,-1.75873,165.619,1000
"213",1,53,3,293312,0.1,1098980,-1.3209,98.4438,1000
"214",1,54,3,307238,0.1,1856900,-1.79904,173.079,1000
"215",1,55,3,271870,0.1,3352600,-2.51217,326.679,1000
"216",1,56,3,283357,0.1,4311310,-2.72229,381.714,1000
"217",1,57,3,274370,0.1,4475930,-2.79199,400.899,1000
"218",1,58,3,259244,0.1,4092920,-2.75924,391.753,1000
"219",1,59,3,281479,0.1,3483530,-2.51574,327.612,1000
"220",1,60,3,313560,0.1,3058480,-2.27768,270.664,1000
"221",1,61,3,366497,0.1,3742670,-2.32356,281.375,1000
"222",1,62,3,301441,0.1,5359570,-2.87807,425.396,1000
"223",1,63,3,315224,0.1,6587650,-3.03967,473.256,1000
"224",1,64,3,300836,0.1,6827360,-3.12213,498.615,1000
"225",1,65,3,307401,0.1,6281390,-3.01719,466.425,1000
"226",1,66,3,277549,0.1,5356290,-2.96003,449.239,1000
"227",1,67,3,299242,0.1,4382880,-2.68421,371.475,1000
"228",1,68,3,285086,0.1,3544670,-2.52041,328.8,1000
"229",1,69,3,273645,0.1,2950260,-2.37782,293.836,1000
"230",1,70,3,292242,0.1,2530760,-2.15869,244.199,1000
"231",1,71,3,288077,0.1,2163620,-2.01631,214.462,1000
"232",1,72,3,303859,0.1,1983820,-1.87622,187.25,1000
"233",1,73,3,250808,0.1,1946030,-2.04886,220.941,1000
"234",1,74,3,244509,0.1,1843070,-2.01994,215.031,1000
"235",1,75,3,318980,0.1,1637780,-1.63597,145.109,1000
"236",1,76,3,318360,0.1,1375780,-1.46359,118.392,1000
"237",1,77,3,232190,0.1,1164890,-1.61283,141.033,1000
"238",1,78,3,288420,0.1,1021690,-1.2648,91.174,1000
"239",1,79,3,304834,0.1,917511,-1.1019,71.9529,1000
"240",1,80,3,285682,0.1,840470,-1.07908,69.4,1000
"241",1,1,4,804190,0.1,21464700,-3.28433,551.555,1000
"242",1,2,4,819002,0.1,41337100,-3.92143,781.112,1000
"243",1,3,4,956262,0.1,91233100,-4.55814,1051.22,1000
"244",1,4,4,1211110,0.1,502061000,-6.02719,1828.97,1000
"245",1,5,4,1499160,0.1,6115840,-1.40598,111.675,1000
"246",1,6,4,1130960,0.1,96904000,-4.45065,1002.97,1000
"247",1,7,4,1581620,0.1,72494600,-3.82507,744.447,1000
"248",1,8,4,1433870,0.1,1974890000,-7.22789,2624.91,1000
"249",1,9,4,1636620,0.1,1405900000,-6.7558,2294.96,1000
"250",1,10,4,1354940,0.1,205751000,-5.02291,1274.22,1000
"251",1,11,4,1371260,0.1,222957000,-5.09125,1308.79,1000
"252",1,12,4,1461310,0.1,93314400,-4.15664,876.695,1000
"253",1,13,4,2039260,0.1,3038820,-0.398884,21.0999,1000
"254",1,14,4,1824640,0.1,96771200,-3.97097,801.461,1000
"255",1,15,4,1892190,0.1,5321850,-1.03409,66.5365,1000
"256",1,16,4,1271780,0.1,7154750,-1.72736,161.86,1000
"257",1,17,4,874834,0.1,93408800,-4.67071,1103.07,1000
"258",1,18,4,615805,0.1,216486000,-5.86235,1730.31,1000
"259",1,19,4,486938,0.1,16425700,-3.51846,630.692,1000
"260",1,20,4,436038,0.1,193123,0.814404,44.7645,1000
"261",1,21,4,356933,0.1,343905000,-6.87057,2371.64,1000
"262",1,22,4,325512,0.1,134835000,-6.0264,1827.19,1000
"263",1,23,4,259657,0.1,8005.87,3.47919,616.321,1000
"264",1,24,4,192076,0.1,999501,-1.64937,146.802,1000
"265",1,25,4,165912,0.1,4169.3,3.68371,689.121,1000
"266",1,26,4,203076,0.1,101857000,-6.21775,1943.86,1000
"267",1,27,4,593678,0.1,45189700,-4.33229,950.347,1000
"268",1,28,4,997925,0.1,2948780,-1.08347,71.1249,1000
"269",1,29,4,1730280,0.1,8876900,-1.63517,146.669,1000
"270",1,30,4,1253950,0.1,499966,0.91951,54.9331,1000
"271",1,31,4,1620500,0.1,10541800,-1.87261,188.249,1000
"272",1,32,4,1130620,0.1,12395700000,-9.30234,4339.23,1000
"273",1,33,4,1021300,0.1,644061000,-6.44671,2090.46,1000
"274",1,34,4,729591,0.1,20494500,-3.33543,568.37,1000
"275",1,35,4,532004,0.1,7000390000,-9.48483,4509.9,1000
"276",1,36,4,442351,0.1,578238000,-7.17564,2586.1,1000
"277",1,37,4,402007,0.1,454300000,-7.03004,2482.6,1000
"278",1,38,4,354071,0.1,13508500,-3.64158,674.448,1000
"279",1,39,4,346392,0.1,4471450,-2.5579,338.514,1000
"280",1,40,4,689136,0.1,72921400,-4.6617,1098.63,1000
"281",1,41,4,1142810,0.1,194624000,-5.13758,1332.3,1000
"282",1,42,4,1610470,0.1,9614630,-1.78676,172.534,1000
"283",1,43,4,1737200,0.1,210992,2.10821,235.212,1000
"284",1,44,4,1521050,0.1,1629400,-0.0688079,13.088,1000
"285",1,45,4,1359600,0.1,23308500000,-9.74938,4765.26,1000
"286",1,46,4,1459730,0.1,1637460000,-7.02265,2478.69,1000
"287",1,47,4,1678780,0.1,228410000,-4.91307,1219.87,1000
"288",1,48,4,1821790,0.1,31551000,-2.85178,419.665,1000
"289",1,49,4,1663240,0.1,17911700,-2.37669,295.373,1000
"290",1,50,4,1369030,0.1,4600300000,-8.11978,3309.28,1000
"291",1,51,4,1875730,0.1,89132300,-3.86112,758.474,1000
"292",1,52,4,1393860,0.1,3989260000,-7.95928,3180.27,1000
"293",1,53,4,1396850,0.1,3175970000,-7.72915,2999.75,1000
"294",1,54,4,1252710,0.1,631584000,-6.22292,1948.9,1000
"295",1,55,4,1385770,0.1,5859650000,-8.34959,3498.54,1000
"296",1,56,4,1378920,0.1,212719000,-5.03868,1282.17,1000
"297",1,57,4,1561450,0.1,46484300,-3.3935,588.669,1000
"298",1,58,4,1519290,0.1,384208000,-5.53294,1543.52,1000
"299",1,59,4,2300250,0.1,26777100,-2.45453,314.501,1000
"300",1,60,4,1942400,0.1,3631200,-0.62564,32.667,1000
"301",1,61,4,1954940,0.1,15856800000,-9.00099,4063.99,1000
"302",1,62,4,1821300,0.1,16167400,-2.18345,251.404,1000
"303",1,63,4,1593460,0.1,67990.3,3.1543,510.378,1000
"304",1,64,4,1365320,0.1,25347400,-2.92128,439.438,1000
"305",1,65,4,1054130,0.1,41446000,-3.67167,686.543,1000
"306",1,66,4,1094990,0.1,1065430,0.0273666,12.5601,1000
"307",1,67,4,925523,0.1,1054530,-0.130496,13.2059,1000
"308",1,68,4,824350,0.1,161897000,-5.28012,1406.22,1000
"309",1,69,4,835372,0.1,109622000,-4.87692,1201.47,1000
"310",1,70,4,688922,0.1,1430230,-0.730461,38.7379,1000
"311",1,71,4,622646,0.1,612711000,-6.89167,2386.71,1000
"312",1,72,4,552929,0.1,8918170,-2.78062,398.431,1000
"313",1,73,4,486609,0.1,559696000,-7.04769,2495.21,1000
"314",1,74,4,400680,0.1,13716400,-3.53319,635.688,1000
"315",1,75,4,315105,0.1,170553000,-6.2939,1991.93,1000
"316",1,76,4,319809,0.1,121993000,-5.944,1777.85,1000
"317",1,77,4,285307,0.1,550.25,6.25095,1964.9,1000
"318",1,78,4,287329,0.1,18325.3,2.75235,389.955,1000
"319",1,79,4,312309,0.1,48919.9,1.85381,183.098,1000
"320",1,80,4,344106,0.1,143536,0.874364,49.5907,1000
"321",1,1,5,961152,0.1,79670800,-4.41753,988.119,1000
"322",1,2,5,1066660,0.1,9225470000,-9.06519,4121.38,1000
"323",1,3,5,1329530,0.1,52648200000,-10.5866,5616.48,1000
"324",1,4,5,1261580,0.1,1.40809e+11,-11.6228,6767.13,1000
"325",1,5,5,1525140,0.1,2.81639e+11,-12.1263,7365.2,1000
"326",1,6,5,1082720,0.1,4.43722e+11,-12.9235,8363.33,1000
"327",1,7,5,1048340,0.1,5.21479e+11,-13.1172,8615.54,1000
"328",1,8,5,1401720,0.1,5.39998e+11,-12.8616,8283.84,1000
"329",1,9,5,1412730,0.1,5.2308e+11,-12.822,8232.92,1000
"330",1,10,5,986166,0.1,5.31668e+11,-13.1977,8721.39,1000
"331",1,11,5,1066460,0.1,6.05582e+11,-13.2496,8790.09,1000
"332",1,12,5,1308810,0.1,6.76737e+11,-13.1559,8666.61,1000
"333",1,13,5,1286960,0.1,7.63439e+11,-13.2933,8848.29,1000
"334",1,14,5,1228510,0.1,8.02421e+11,-13.3896,8976.69,1000
"335",1,15,5,1584950,0.1,7.86324e+11,-13.1146,8612.49,1000
"336",1,16,5,1365580,0.1,7.5056e+11,-13.217,8747.19,1000
"337",1,17,5,1336590,0.1,7.33143e+11,-13.215,8744.5,1000
"338",1,18,5,1306080,0.1,7.60247e+11,-13.2744,8823.14,1000
"339",1,19,5,1287740,0.1,7.56644e+11,-13.2838,8835.59,1000
"340",1,20,5,1548050,0.1,7.72347e+11,-13.1202,8619.84,1000
"341",1,21,5,1237430,0.1,8.41609e+11,-13.43,9030.94,1000
"342",1,22,5,1321440,0.1,8.59351e+11,-13.3852,8970.91,1000
"343",1,23,5,1498780,0.1,8.33002e+11,-13.2281,8762.02,1000
"344",1,24,5,1571070,0.1,7.80123e+11,-13.1155,8613.64,1000
"345",1,25,5,1397720,0.1,7.17211e+11,-13.1483,8656.63,1000
"346",1,26,5,1381010,0.1,6.56254e+11,-13.0715,8555.94,1000
"347",1,27,5,1766630,0.1,6.02843e+11,-12.7403,8128.81,1000
"348",1,28,5,1707040,0.1,6.15571e+11,-12.7955,8199.27,1000
"349",1,29,5,1555080,0.1,7.60263e+11,-13.0999,8593.24,1000
"350",1,30,5,1532750,0.1,9.52669e+11,-13.34,8910.58,1000
"351",1,31,5,1790590,0.1,1.12469e+12,-13.3505,8924.78,1000
"352",1,32,5,1507450,0.1,1.16114e+12,-13.5545,9199.06,1000
"353",1,33,5,1505690,0.1,1.10501e+12,-13.5061,9133.59,1000
"354",1,34,5,1556390,0.1,1.01856e+12,-13.3915,8979.52,1000
"355",1,35,5,1512350,0.1,9.29725e+11,-13.329,8895.93,1000
"356",1,36,5,1855720,0.1,8.46648e+11,-13.0308,8503.1,1000
"357",1,37,5,1840430,0.1,7.76615e+11,-12.9527,8401.67,1000
"358",1,38,5,1537780,0.1,7.19548e+11,-13.056,8535.87,1000
"359",1,39,5,1664420,0.1,6.73449e+11,-12.9107,8347.24,1000
"360",1,40,5,1798940,0.1,6.40663e+11,-12.7831,8183.35,1000
"361",1,41,5,1597780,0.1,6.01124e+11,-12.8379,8253.54,1000
"362",1,42,5,1381120,0.1,5.54072e+11,-12.9022,8336.04,1000
"363",1,43,5,1401310,0.1,5.0708e+11,-12.799,8203.51,1000
"364",1,44,5,1705160,0.1,4.75846e+11,-12.5392,7874.53,1000
"365",1,45,5,1676040,0.1,4.95917e+11,-12.5977,7948.08,1000
"366",1,46,5,1519140,0.1,5.54665e+11,-12.808,8215.06,1000
"367",1,47,5,1362390,0.1,5.74419e+11,-12.9519,8400.29,1000
"368",1,48,5,1495180,0.1,6.36191e+11,-12.961,8412.22,1000
"369",1,49,5,1518950,0.1,7.83043e+11,-13.1529,8662.82,1000
"370",1,50,5,1354130,0.1,8.41701e+11,-13.34,8910.54,1000
"371",1,51,5,1651250,0.1,8.17672e+11,-13.1127,8610.06,1000
"372",1,52,5,1522530,0.1,7.69495e+11,-13.1331,8636.79,1000
"373",1,53,5,1654070,0.1,7.31498e+11,-12.9996,8462.43,1000
"374",1,54,5,1645100,0.1,7.10175e+11,-12.9755,8431.06,1000
"375",1,55,5,1755350,0.1,6.72862e+11,-12.8566,8277.64,1000
"376",1,56,5,1671620,0.1,6.22028e+11,-12.8269,8239.48,1000
"377",1,57,5,1603030,0.1,5.73416e+11,-12.7875,8188.87,1000
"378",1,58,5,1905000,0.1,5.45873e+11,-12.5657,7907.86,1000
"379",1,59,5,1485200,0.1,5.34933e+11,-12.7943,8197.59,1000
"380",1,60,5,1571980,0.1,5.14332e+11,-12.6983,8075.21,1000
"381",1,61,5,1781130,0.1,4.82721e+11,-12.5099,7837.95,1000
"382",1,62,5,1570130,0.1,4.50308e+11,-12.5665,7908.77,1000
"383",1,63,5,1766540,0.1,4.15448e+11,-12.3681,7661.49,1000
"384",1,64,5,1344530,0.1,3.83553e+11,-12.5612,7901.9,1000
"385",1,65,5,1539500,0.1,3.59437e+11,-12.3608,7652.38,1000
"386",1,66,5,1422380,0.1,3.33807e+11,-12.366,7658.67,1000
"387",1,67,5,1628050,0.1,3.07379e+11,-12.1485,7392.17,1000
"388",1,68,5,1389810,0.1,3.16891e+11,-12.3371,7623.02,1000
"389",1,69,5,1584870,0.1,3.98775e+11,-12.4356,7745.16,1000
"390",1,70,5,1443120,0.1,4.71479e+11,-12.6968,8073.27,1000
"391",1,71,5,1510540,0.1,4.87775e+11,-12.6851,8058.48,1000
"392",1,72,5,1688320,0.1,4.72343e+11,-12.5417,7877.7,1000
"393",1,73,5,1431720,0.1,4.41716e+11,-12.6395,8000.7,1000
"394",1,74,5,1454870,0.1,4.0869e+11,-12.5458,7882.66,1000
"395",1,75,5,1459040,0.1,3.82338e+11,-12.4763,7795.69,1000
"396",1,76,5,1311060,0.1,3.59322e+11,-12.5211,7851.64,1000
"397",1,77,5,1555570,0.1,3.40041e+11,-12.295,7571.2,1000
"398",1,78,5,1398030,0.1,3.24698e+11,-12.3556,7645.8,1000
"399",1,79,5,1454540,0.1,3.10274e+11,-12.2705,7541.1,1000
"400",1,80,5,1555200,0.1,2.90262e+11,-12.1369,7378.14,1000
"401",1,1,6,6958550,0.1,163920000,-3.15941,513.465,1000
"402",1,2,6,7323510,0.1,480255000,-4.18323,889.392,1000
"403",1,3,6,7144590,0.1,2877100000,-5.99818,1813.31,1000
"404",1,4,6,6888800,0.1,6643770000,-6.87154,2375.26,1000
"405",1,5,6,6522130,0.1,8678380000,-7.19339,2601.55,1000
"406",1,6,6,5818410,0.1,9112430000,-7.35637,2720,1000
"407",1,7,6,6694600,0.1,8694220000,-7.16911,2584.14,1000
"408",1,8,6,7649090,0.1,17539600000,-7.73763,3008.01,1000
"409",1,9,6,7897840,0.1,23279200000,-7.98873,3205.49,1000
"410",1,10,6,5933290,0.1,25408400000,-8.36226,3510.58,1000
"411",1,11,6,6075210,0.1,25274700000,-8.33334,3486.47,1000
"412",1,12,6,6195650,0.1,23567900000,-8.24379,3412.26,1000
"413",1,13,6,5724160,0.1,22803600000,-8.28998,3450.36,1000
"414",1,14,6,8245710,0.1,21036500000,-7.84432,3091.21,1000
"415",1,15,6,7459520,0.1,32399400000,-8.3764,3522.65,1000
"416",1,16,6,6058630,0.1,1.60663e+11,-10.1856,5201.54,1000
"417",1,17,6,5470600,0.1,2.37859e+11,-10.68,5717.3,1000
"418",1,18,6,5700450,0.1,2.60172e+11,-10.7286,5769.27,1000
"419",1,19,6,4817910,0.1,2.54806e+11,-10.8759,5928.28,1000
"420",1,20,6,4331020,0.1,2.36512e+11,-10.908,5963.07,1000
"421",1,21,6,4608370,0.1,2.10029e+11,-10.7271,5767.52,1000
"422",1,22,6,3810250,0.1,1.82461e+11,-10.7766,5820.52,1000
"423",1,23,6,4150620,0.1,1.57658e+11,-10.5449,5573.63,1000
"424",1,24,6,4008670,0.1,1.33468e+11,-10.4132,5435.51,1000
"425",1,25,6,3840920,0.1,1.11023e+11,-10.2718,5289.26,1000
"426",1,26,6,3945520,0.1,93466900000,-10.0728,5086.85,1000
"427",1,27,6,3492920,0.1,77712500000,-10.01,5023.72,1000
"428",1,28,6,3732650,0.1,64536500000,-9.75787,4774.55,1000
"429",1,29,6,3658820,0.1,67306900000,-9.81988,4835.23,1000
"430",1,30,6,3314720,0.1,66237200000,-9.90262,4916.73,1000
"431",1,31,6,3813080,0.1,1.0518e+11,-10.225,5241.29,1000
"432",1,32,6,3931870,0.1,1.26085e+11,-10.3756,5396.45,1000
"433",1,33,6,3479220,0.1,1.26991e+11,-10.5051,5531.5,1000
"434",1,34,6,3050420,0.1,1.18455e+11,-10.567,5596.63,1000
"435",1,35,6,3411530,0.1,1.05294e+11,-10.3374,5356.7,1000
"436",1,36,6,3488590,0.1,91561500000,-10.1753,5190.48,1000
"437",1,37,6,3788350,0.1,80066800000,-9.95869,4972.54,1000
"438",1,38,6,3287690,0.1,68419900000,-9.94323,4957.02,1000
"439",1,39,6,3374420,0.1,57283800000,-9.73955,4756.59,1000
"440",1,40,6,3296030,0.1,47784700000,-9.58174,4604.11,1000
"441",1,41,6,3990990,0.1,39274900000,-9.1943,4240.57,1000
"442",1,42,6,3540740,0.1,31809800000,-9.1032,4157.1,1000
"443",1,43,6,4340510,0.1,25468400000,-8.6772,3778.59,1000
"444",1,44,6,4897830,0.1,23851300000,-8.4908,3618.71,1000
"445",1,45,6,4224940,0.1,21883400000,-8.55248,3671.12,1000
"446",1,46,6,4627100,0.1,6.2635e+10,-9.51315,4538.96,1000
"447",1,47,6,4815850,0.1,87117400000,-9.8031,4819.04,1000
"448",1,48,6,4453450,0.1,92693100000,-9.94337,4957.46,1000
"449",1,49,6,4223450,0.1,89018600000,-9.95595,4969.92,1000
"450",1,50,6,5471640,0.1,80721300000,-9.59918,4621.34,1000
"451",1,51,6,3644690,0.1,70872100000,-9.87536,4889.86,1000
"452",1,52,6,5277120,0.1,1.04337e+11,-9.892,4906.68,1000
"453",1,53,6,4719700,0.1,1.23729e+11,-10.1741,5189.6,1000
"454",1,54,6,4880130,0.1,1.24175e+11,-10.1443,5159.33,1000
"455",1,55,6,6362210,0.1,1.15326e+11,-9.80514,4821.33,1000
"456",1,56,6,5509540,0.1,1.03363e+11,-9.83952,4854.94,1000
"457",1,57,6,5990950,0.1,91021100000,-9.6286,4649.72,1000
"458",1,58,6,5131900,0.1,77909600000,-9.62783,4648.82,1000
"459",1,59,6,4336710,0.1,1.24312e+11,-10.2634,5280.8,1000
"460",1,60,6,4487110,0.1,1.53696e+11,-10.4415,5465.2,1000
"461",1,61,6,5986230,0.1,1.57166e+11,-10.1756,5191.36,1000
"462",1,62,6,5555480,0.1,1.47502e+11,-10.1868,5202.7,1000
"463",1,63,6,5522550,0.1,1.31568e+11,-10.0784,5092.89,1000
"464",1,64,6,6138340,0.1,1.14089e+11,-9.83018,4845.87,1000
"465",1,65,6,4799980,0.1,96657400000,-9.91032,4924.72,1000
"466",1,66,6,5210040,0.1,80418300000,-9.64441,4664.81,1000
"467",1,67,6,4909180,0.1,67802900000,-9.53325,4558.17,1000
"468",1,68,6,4908520,0.1,56981700000,-9.35951,4394.05,1000
"469",1,69,6,4800910,0.1,4.7276e+10,-9.19495,4241.36,1000
"470",1,70,6,5368520,0.1,76283700000,-9.56166,4585.38,1000
"471",1,71,6,5396150,0.1,92395300000,-9.74815,4765.44,1000
"472",1,72,6,5346460,0.1,96999200000,-9.80602,4822.01,1000
"473",1,73,6,4573220,0.1,94516800000,-9.93632,4950.47,1000
"474",1,74,6,5167670,0.1,86451900000,-9.72492,4742.78,1000
"475",1,75,6,5371500,0.1,77082100000,-9.57152,4594.81,1000
"476",1,76,6,4300960,0.1,66635200000,-9.64815,4668.23,1000
"477",1,77,6,5670610,0.1,56097500000,-9.19955,4245.75,1000
"478",1,78,6,5025210,0.1,46874900000,-9.14077,4191.73,1000
"479",1,79,6,4355500,0.1,38574200000,-9.0889,4144.31,1000
"480",1,80,6,5382380,0.1,32623500000,-8.70966,3807.02,1000
"481",1,1,7,6613350,0.1,338968000,-3.93682,789.247,1000
"482",1,2,7,6044840,0.1,79576500000,-9.48527,4512.75,1000
"483",1,3,7,5027280,0.1,8.7668e+10,-9.76643,4783.21,1000
"484",1,4,7,5057300,0.1,5029540000,-6.90225,2396.11,1000
"485",1,5,7,4873330,0.1,22923700,-1.5484,133.892,1000
"486",1,6,7,5381010,0.1,1208370,1.49361,125.658,1000
"487",1,7,7,5057710,0.1,9586770,-0.639471,34.4989,1000
"488",1,8,7,4896190,0.1,2446970,0.693606,38.0748,1000
"489",1,9,7,6293220,0.1,89457200,-2.65429,366.534,1000
"490",1,10,7,5533680,0.1,77025000,-2.63328,360.85,1000
"491",1,11,7,5225610,0.1,2149170000,-6.01927,1825.66,1000
"492",1,12,7,6004680,0.1,12102600000,-7.60864,2908.79,1000
"493",1,13,7,4989000,0.1,115408000,-3.14124,507.41,1000
"494",1,14,7,5671090,0.1,775535,1.98958,212.089,1000
"495",1,15,7,4513500,0.1,6369240,-0.344408,19.8698,1000
"496",1,16,7,4586840,0.1,132528000,-3.3636,579.647,1000
"497",1,17,7,4325630,0.1,403034000,-4.53446,1041.96,1000
"498",1,18,7,4180350,0.1,80640100,-2.9596,451.825,1000
"499",1,19,7,3991360,0.1,200367000,-3.91602,780.575,1000
"500",1,20,7,4290440,0.1,595158000,-4.93244,1230.34,1000
"501",1,21,7,5134110,0.1,1677640,1.11852,76.6216,1000
"502",1,22,7,3963250,0.1,9803150,-0.905639,54.818,1000
"503",1,23,7,4251450,0.1,633.376,8.81171,3896.19,1000
"504",1,24,7,4610530,0.1,538833,2.14669,244.375,1000
"505",1,25,7,3621680,0.1,1481.55,7.8016,3056.97,1000
"506",1,26,7,4196120,0.1,21820,5.25909,1396.77,1000
"507",1,27,7,3724850,0.1,805203,1.53169,131.05,1000
"508",1,28,7,3741750,0.1,16546800,-1.48664,124.256,1000
"509",1,29,7,5022810,0.1,774253,1.86985,188.862,1000
"510",1,30,7,5111590,0.1,31059600,-1.8044,176.856,1000
"511",1,31,7,4755440,0.1,627681,2.02501,219.025,1000
"512",1,32,7,4674000,0.1,17622800,-1.32718,102.044,1000
"513",1,33,7,4083800,0.1,324708,2.53186,334.354,1000
"514",1,34,7,4939830,0.1,33394600,-1.91106,196.637,1000
"515",1,35,7,4484550,0.1,30276800,-1.90974,196.288,1000
"516",1,36,7,4185390,0.1,332220000,-4.3742,970.543,1000
"517",1,37,7,4191260,0.1,14017300,-1.20729,86.7429,1000
"518",1,38,7,4756310,0.1,4183370,0.128354,14.8151,1000
"519",1,39,7,4455620,0.1,608211,1.9914,212.21,1000
"520",1,40,7,4326710,0.1,36009.6,4.78878,1160.52,1000
"521",1,41,7,4405320,0.1,35902800,-2.098,233.995,1000
"522",1,42,7,4375530,0.1,415519000,-4.5535,1050.63,1000
"523",1,43,7,5015890,0.1,1917250,0.961721,60.2898,1000
"524",1,44,7,5048690,0.1,491095000,-4.57751,1061.73,1000
"525",1,45,7,5024430,0.1,6331970,-0.231299,16.7211,1000
"526",1,46,7,3963910,0.1,9554840000,-7.78757,3046.12,1000
"527",1,47,7,4976850,0.1,100163000,-3.002,464.638,1000
"528",1,48,7,4267380,0.1,2736590,0.444286,23.7524,1000
"529",1,49,7,5584620,0.1,26464100,-1.55577,135.173,1000
"530",1,50,7,5280640,0.1,2293610,0.833918,48.8669,1000
"531",1,51,7,4652690,0.1,449096000,-4.56979,1058.12,1000
"532",1,52,7,4541820,0.1,10683200,-0.855343,50.5258,1000
"533",1,53,7,5210840,0.1,53705800000,-9.24053,4283.46,1000
"534",1,54,7,4565700,0.1,6293010000,-7.22862,2626.6,1000
"535",1,55,7,4880430,0.1,435247000,-4.49068,1022.33,1000
"536",1,56,7,6337240,0.1,2088270000,-5.79765,1694.91,1000
"537",1,57,7,5151640,0.1,8328240,-0.480336,25.6073,1000
"538",1,58,7,5800770,0.1,1845420000,-5.76247,1674.49,1000
"539",1,59,7,5556890,0.1,416939000,-4.3179,946.36,1000
"540",1,60,7,4725000,0.1,41017800,-2.16114,247.511,1000
"541",1,61,7,4678090,0.1,729548000,-5.04954,1288.87,1000
"542",1,62,7,4972190,0.1,88170000,-2.87541,427.434,1000
"543",1,63,7,4970090,0.1,20010100,-1.3928,111.03,1000
"544",1,64,7,5094180,0.1,162580000,-3.46307,613.703,1000
"545",1,65,7,4530670,0.1,50240400,-2.40595,303.372,1000
"546",1,66,7,5108110,0.1,5441510,-0.0632275,14.2626,1000
"547",1,67,7,4223040,0.1,2616770,0.478616,25.3261,1000
"548",1,68,7,4450530,0.1,862862000,-5.26723,1401.11,1000
"549",1,69,7,4925020,0.1,1025630,1.56903,137.118,1000
"550",1,70,7,4369270,0.1,23719100,-1.69169,156.996,1000
"551",1,71,7,5139580,0.1,416550000,-4.39504,979.886,1000
"552",1,72,7,4775700,0.1,843600,1.73362,164.267,1000
"553",1,73,7,4566730,0.1,949489,1.57063,137.294,1000
"554",1,74,7,4949750,0.1,7267450,-0.384068,21.4066,1000
"555",1,75,7,5389060,0.1,254496000,-3.85492,757.135,1000
"556",1,76,7,5054320,0.1,2781790,0.597147,31.8813,1000
"557",1,77,7,4793210,0.1,165659,3.36502,580.168,1000
"558",1,78,7,4510660,0.1,7728.49,6.36928,2042.33,1000
"559",1,79,7,4432070,0.1,1399.07,8.06081,3262.76,1000
"560",1,80,7,4126070,0.1,9856.39,6.03696,1836.09,1000
"561",1,1,8,1912540,0.1,44486000,-3.14674,508.18,1000
"562",1,2,8,1662200,0.1,41807800,-3.22494,532.952,1000
"563",1,3,8,1482410,0.1,34774500,-3.15522,510.595,1000
"564",1,4,8,1511640,0.1,11394900,-2.01997,216.859,1000
"565",1,5,8,1393750,0.1,5428700,-1.3597,105.203,1000
"566",1,6,8,1584880,0.1,1389000,0.131926,13.7626,1000
"567",1,7,8,1564240,0.1,17354900,-2.40647,302.435,1000
"568",1,8,8,1878280,0.1,6728480000,-8.18375,3361.75,1000
"569",1,9,8,1674170,0.1,1745630000,-6.94955,2427.76,1000
"570",1,10,8,2263090,0.1,432913000,-5.25381,1393.37,1000
"571",1,11,8,2221210,0.1,126505000,-4.04223,830.21,1000
"572",1,12,8,1967700,0.1,110954000,-4.03225,826.061,1000
"573",1,13,8,1353250,0.1,18273900,-2.60297,351.507,1000
"574",1,14,8,1096340,0.1,3089710,-1.0361,66.1987,1000
"575",1,15,8,772113,0.1,7309270,-2.24777,264.796,1000
"576",1,16,8,613088,0.1,1916390,-1.13969,76.887,1000
"577",1,17,8,409252,0.1,83223700,-5.31496,1423.98,1000
"578",1,18,8,420243,0.1,22530800,-3.98181,804.304,1000
"579",1,19,8,435775,0.1,77894500,-5.18599,1356.32,1000
"580",1,20,8,307263,0.1,18243100,-4.08384,845.139,1000
"581",1,21,8,226456,0.1,5342330,-3.16086,510.5,1000
"582",1,22,8,231479,0.1,1360500,-1.77112,167.812,1000
"583",1,23,8,523954,0.1,212217,0.903795,52.6278,1000
"584",1,24,8,481584,0.1,4933480,-2.32672,282.382,1000
"585",1,25,8,862598,0.1,1095340,-0.238868,15.137,1000
"586",1,26,8,879991,0.1,189470,1.53568,130.22,1000
"587",1,27,8,999115,0.1,2186420,-0.78315,43.0972,1000
"588",1,28,8,1237460,0.1,29244200,-3.16262,512.753,1000
"589",1,29,8,1044080,0.1,5066630,-1.57954,137.222,1000
"590",1,30,8,834361,0.1,837074,-0.00324668,12.2513,1000
"591",1,31,8,829820,0.1,879729000,-6.96616,2438.62,1000
"592",1,32,8,741252,0.1,337813000,-6.12191,1886.02,1000
"593",1,33,8,805019,0.1,934379000,-7.05677,2502.12,1000
"594",1,34,8,749890,0.1,205368000,-5.61263,1587.23,1000
"595",1,35,8,634830,0.1,43845400,-4.23507,908.767,1000
"596",1,36,8,804290,0.1,7268690,-2.20137,254.516,1000
"597",1,37,8,979054,0.1,1116700,-0.131548,13.2759,1000
"598",1,38,8,1123430,0.1,487742000,-6.0734,1856.86,1000
"599",1,39,8,1018780,0.1,64945100,-4.15494,875.626,1000
"600",1,40,8,1230300,0.1,7955260,-1.86658,186.844,1000
"601",1,41,8,1593510,0.1,3094270,-0.663615,34.917,1000
"602",1,42,8,1761900,0.1,3967280,-0.811691,45.9404,1000
"603",1,43,8,1514650,0.1,740374,0.715783,38.4643,1000
"604",1,44,8,1793340,0.1,585649000,-5.78864,1688.43,1000
"605",1,45,8,1438170,0.1,153407000,-4.66972,1103.11,1000
"606",1,46,8,2016760,0.1,70554600,-3.55489,644.997,1000
"607",1,47,8,1672090,0.1,14070600,-2.13002,239.795,1000
"608",1,48,8,1552670,0.1,3316630,-0.758973,41.6739,1000
"609",1,49,8,2075650,0.1,142696000,-4.23044,907.994,1000
"610",1,50,8,2095950,0.1,537623000,-5.54715,1551.72,1000
"611",1,51,8,2795760,0.1,119582000,-3.7559,718.799,1000
"612",1,52,8,3503170,0.1,48366300,-2.62513,358.252,1000
"613",1,53,8,3786660,0.1,14684600,-1.35531,105.607,1000
"614",1,54,8,3305790,0.1,26043700,-2.0641,226.653,1000
"615",1,55,8,3599830,0.1,30547700,-2.1384,242.351,1000
"616",1,56,8,2473380,0.1,1268810000,-6.24025,1960.37,1000
"617",1,57,8,2141140,0.1,181819000,-4.44167,999.616,1000
"618",1,58,8,2114810,0.1,108221000,-3.93521,787.476,1000
"619",1,59,8,2114210,0.1,19648400,-2.22931,261.672,1000
"620",1,60,8,2213050,0.1,2798500,-0.234714,15.9808,1000
"621",1,61,8,1998380,0.1,46215000,-3.14097,506.409,1000
"622",1,62,8,2742650,0.1,49560800,-2.89427,432.282,1000
"623",1,63,8,2921600,0.1,251157000,-4.45395,1005.39,1000
"624",1,64,8,2751460,0.1,19849600,-1.97605,208.683,1000
"625",1,65,8,3608460,0.1,2005610,0.587336,30.9633,1000
"626",1,66,8,3622620,0.1,1653790,0.784126,44.4618,1000
"627",1,67,8,3078160,0.1,4569530,-0.395078,21.3605,1000
"628",1,68,8,2270600,0.1,15560800,-1.92471,198.477,1000
"629",1,69,8,1666630,0.1,15879100,-2.2542,267.014,1000
"630",1,70,8,1550590,0.1,532431000,-5.83882,1717.46,1000
"631",1,71,8,1678700,0.1,453973000,-5.60002,1580.96,1000
"632",1,72,8,1494480,0.1,36470500,-3.19472,523.147,1000
"633",1,73,8,2565960,0.1,2299690,0.10956,13.9744,1000
"634",1,74,8,3279110,0.1,12833400,-1.36448,106.709,1000
"635",1,75,8,4340160,0.1,1581550,1.0095,64.8547,1000
"636",1,76,8,4658500,0.1,97413.6,3.86748,761.842,1000
"637",1,77,8,5214560,0.1,758007,1.92852,200.042,1000
"638",1,78,8,7987290,0.1,68602300,-2.15048,245.737,1000
"639",1,79,8,5634620,0.1,8743350,-0.439363,23.8128,1000
"640",1,80,8,4015500,0.1,188149000,-3.84707,753.821,1000
"641",1,1,9,341509,0.1,8788210,-3.24779,538.765,1000
"642",1,2,9,349253,0.1,10564300,-3.40944,592.595,1000
"643",1,3,9,354978,0.1,9657030,-3.30338,557.014,1000
"644",1,4,9,446846,0.1,8649990,-2.9631,450.624,1000
"645",1,5,9,378787,0.1,7739140,-3.01707,466.597,1000
"646",1,6,9,430588,0.1,6501240,-2.7146,380.041,1000
"647",1,7,9,308495,0.1,5088380,-2.80301,404.099,1000
"648",1,8,9,398474,0.1,3976310,-2.30047,276.119,1000
"649",1,9,9,343667,0.1,3107200,-2.2018,253.761,1000
"650",1,10,9,343330,0.1,2364220,-1.92951,197.513,1000
"651",1,11,9,486645,0.1,2080310,-1.45274,117.234,1000
"652",1,12,9,320345,0.1,1961070,-1.81184,175.432,1000
"653",1,13,9,407551,0.1,1724440,-1.44249,115.574,1000
"654",1,14,9,366355,0.1,1408330,-1.34656,102.088,1000
"655",1,15,9,412136,0.1,1111270,-0.991905,60.7393,1000
"656",1,16,9,380146,0.1,868672,-0.826411,45.6124,1000
"657",1,17,9,317176,0.1,683288,-0.76746,40.7333,1000
"658",1,18,9,363876,0.1,537165,-0.38949,19.0061,1000
"659",1,19,9,439496,0.1,414653,0.0581863,11.779,1000
"660",1,20,9,459442,0.1,319769,0.362414,18.2213,1000
"661",1,21,9,390461,0.1,242195,0.477585,22.8958,1000
"662",1,22,9,446734,0.1,179382,0.912449,53.2542,1000
"663",1,23,9,488049,0.1,132404,1.30456,96.8081,1000
"664",1,24,9,382157,0.1,134811,1.04196,65.7539,1000
"665",1,25,9,415839,0.1,148064,1.03265,64.8731,1000
"666",1,26,9,383764,0.1,156618,0.896219,51.6346,1000
"667",1,27,9,321241,0.1,155087,0.728206,37.8105,1000
"668",1,28,9,422837,0.1,146187,1.0621,67.9739,1000
"669",1,29,9,513294,0.1,127581,1.3921,108.662,1000
"670",1,30,9,478588,0.1,99682.9,1.56885,134.759,1000
"671",1,31,9,490873,0.1,76439.1,1.85969,184.643,1000
"672",1,32,9,387322,0.1,64559.1,1.79167,171.988,1000
"673",1,33,9,415841,0.1,74029.5,1.72584,160.48,1000
"674",1,34,9,536418,0.1,74488.8,1.97427,206.695,1000
"675",1,35,9,420751,0.1,65963.7,1.85294,183.235,1000
"676",1,36,9,429528,0.1,50236.4,2.14595,241.841,1000
"677",1,37,9,401636,0.1,33467.6,2.48497,320.273,1000
"678",1,38,9,393597,0.1,128305,1.12092,74.3221,1000
"679",1,39,9,353804,0.1,168868,0.739622,38.7449,1000
"680",1,40,9,435855,0.1,174649,0.91453,53.4197,1000
"681",1,41,9,434009,0.1,156289,1.02136,63.7558,1000
"682",1,42,9,380153,0.1,130048,1.07267,68.9959,1000
"683",1,43,9,478513,0.1,105856,1.50861,125.489,1000
"684",1,44,9,418826,0.1,108512,1.35059,102.766,1000
"685",1,45,9,385606,0.1,122514,1.14659,77.2125,1000
"686",1,46,9,350216,0.1,125038,1.02994,64.421,1000
"687",1,47,9,417330,0.1,112641,1.30967,97.3202,1000
"688",1,48,9,558555,0.1,95652.3,1.76463,167.546,1000
"689",1,49,9,426831,0.1,76250.4,1.72237,159.908,1000
"690",1,50,9,365028,0.1,59117.6,1.82045,177.125,1000
"691",1,51,9,361106,0.1,43094,2.12579,237.362,1000
"692",1,52,9,420454,0.1,35440.6,2.47348,317.47,1000
"693",1,53,9,499744,0.1,29269.6,2.83755,414.322,1000
"694",1,54,9,487567,0.1,20710.1,3.15881,510.616,1000
"695",1,55,9,549917,0.1,12781.7,3.76175,719.373,1000
"696",1,56,9,492345,0.1,8584.37,4.04924,831.539,1000
"697",1,57,9,498698,0.1,5898.18,4.43736,996.243,1000
"698",1,58,9,501883,0.1,5651.3,4.48648,1018.17,1000
"699",1,59,9,511496,0.1,17294.5,3.38695,585.334,1000
"700",1,60,9,516479,0.1,24226,3.05961,479.831,1000
"701",1,61,9,445634,0.1,27176.6,2.79714,402.824,1000
"702",1,62,9,424230,0.1,29713,2.65869,365.006,1000
"703",1,63,9,378557,0.1,30306.4,2.52501,330.243,1000
"704",1,64,9,437583,0.1,29258.2,2.70511,377.486,1000
"705",1,65,9,420492,0.1,26640.8,2.75898,392.164,1000
"706",1,66,9,469991,0.1,22344.1,3.04615,475.629,1000
"707",1,67,9,470632,0.1,45804,2.3297,283.054,1000
"708",1,68,9,484311,0.1,108657,1.49453,123.388,1000
"709",1,69,9,518185,0.1,95391.9,1.69234,154.975,1000
"710",1,70,9,498935,0.1,58908.5,2.13649,239.966,1000
"711",1,71,9,430338,0.1,31364.7,2.61889,354.518,1000
"712",1,72,9,394177,0.1,16530.5,3.17159,514.451,1000
"713",1,73,9,449557,0.1,15184.7,3.38797,585.55,1000
"714",1,74,9,384293,0.1,12273.6,3.44396,604.517,1000
"715",1,75,9,533488,0.1,11532.3,3.83428,746.89,1000
"716",1,76,9,433605,0.1,11198.2,3.65638,680.053,1000
"717",1,77,9,404118,0.1,119660,1.21705,85.5867,1000
"718",1,78,9,414514,0.1,176584,0.853313,47.9584,1000
"719",1,79,9,443448,0.1,201811,0.787249,42.6067,1000
"720",1,80,9,377648,0.1,205024,0.610837,30.1142,1000
"721",1,1,10,2273830,0.1,115787000,-3.93029,785.611,1000
"722",1,2,10,2549130,0.1,346264000,-4.91145,1219.49,1000
"723",1,3,10,2622850,0.1,635003000,-5.48937,1520.05,1000
"724",1,4,10,2564700,0.1,1022360000,-5.98802,1806.2,1000
"725",1,5,10,3221330,0.1,1710600000,-6.27481,1982.26,1000
"726",1,6,10,2493920,0.1,2171550000,-6.76934,2304.54,1000
"727",1,7,10,2647150,0.1,2273570000,-6.75562,2295.33,1000
"728",1,8,10,2506850,0.1,2104340000,-6.73273,2279.83,1000
"729",1,9,10,2376010,0.1,1779500000,-6.61867,2203.63,1000
"730",1,10,10,2261110,0.1,1440280000,-6.45674,2097.72,1000
"731",1,11,10,3194710,0.1,1254440000,-5.97295,1797.4,1000
"732",1,12,10,1927970,0.1,1096350000,-6.34327,2024.94,1000
"733",1,13,10,2462030,0.1,953620000,-5.95928,1788.98,1000
"734",1,14,10,2857310,0.1,1059830000,-5.91598,1763.42,1000
"735",1,15,10,2174550,0.1,1144430000,-6.26584,1976.25,1000
"736",1,16,10,2160470,0.1,17143700000,-8.97906,4044.38,1000
"737",1,17,10,1908750,0.1,31162200000,-9.70051,4718.07,1000
"738",1,18,10,1885000,0.1,34442900000,-9.81313,4827.94,1000
"739",1,19,10,2385320,0.1,3.1404e+10,-9.48536,4511.9,1000
"740",1,20,10,1984380,0.1,26013600000,-9.48107,4507.65,1000
"741",1,21,10,1777910,0.1,20781500000,-9.36638,4399.46,1000
"742",1,22,10,2133390,0.1,16243700000,-8.93775,4007.36,1000
"743",1,23,10,1524670,0.1,12427600000,-9.0059,4068.16,1000
"744",1,24,10,1608270,0.1,9364500000,-8.66952,3770.94,1000
"745",1,25,10,1539120,0.1,6987770000,-8.42071,3558.28,1000
"746",1,26,10,1652100,0.1,5204760000,-8.05528,3257.31,1000
"747",1,27,10,1792000,0.1,3873250000,-7.67852,2961,1000
"748",1,28,10,1693830,0.1,2919570000,-7.4522,2789.72,1000
"749",1,29,10,1567790,0.1,2218090000,-7.25473,2644.44,1000
"750",1,30,10,1638580,0.1,1830740000,-7.01864,2475.99,1000
"751",1,31,10,1643440,0.1,1563130000,-6.85766,2364.3,1000
"752",1,32,10,1409180,0.1,1488600000,-6.96258,2436.65,1000
"753",1,33,10,1567080,0.1,1469730000,-6.84362,2354.64,1000
"754",1,34,10,1691070,0.1,1320440000,-6.66036,2230.98,1000
"755",1,35,10,1772780,0.1,1063520000,-6.39679,2058.95,1000
"756",1,36,10,2134740,0.1,790752000,-5.91464,1762.34,1000
"757",1,37,10,1622240,0.1,556167000,-5.83726,1716.6,1000
"758",1,38,10,1606050,0.1,439280000,-5.61136,1587.27,1000
"759",1,39,10,1604100,0.1,340498000,-5.35785,1448.23,1000
"760",1,40,10,1574320,0.1,245456000,-5.0493,1287.66,1000
"761",1,41,10,1848310,0.1,171618000,-4.531,1039.54,1000
"762",1,42,10,1787090,0.1,120583000,-4.21175,899.955,1000
"763",1,43,10,1768470,0.1,182588000,-4.63712,1088.14,1000
"764",1,44,10,1950310,0.1,213858000,-4.69733,1116.34,1000
"765",1,45,10,1949680,0.1,193751000,-4.59891,1070.6,1000
"766",1,46,10,1910490,0.1,158233000,-4.41671,988.446,1000
"767",1,47,10,2232040,0.1,122415000,-4.0045,815.037,1000
"768",1,48,10,2044240,0.1,130053000,-4.15292,875.483,1000
"769",1,49,10,2032360,0.1,135750000,-4.20161,895.819,1000
"770",1,50,10,1853230,0.1,122694000,-4.19276,892.012,1000
"771",1,51,10,2129080,0.1,150641000,-4.25921,920.231,1000
"772",1,52,10,1986930,0.1,169669000,-4.44726,1002.02,1000
"773",1,53,10,2196090,0.1,297775000,-4.90966,1218.46,1000
"774",1,54,10,2086640,0.1,450392000,-5.37456,1457.46,1000
"775",1,55,10,2450870,0.1,468039000,-5.25211,1392.56,1000
"776",1,56,10,2667400,0.1,391770000,-4.98957,1258.2,1000
"777",1,57,10,2257000,0.1,293190000,-4.86679,1197.53,1000
"778",1,58,10,1936670,0.1,332621000,-5.14603,1337.18,1000
"779",1,59,10,2183090,0.1,504751000,-5.44333,1494.7,1000
"780",1,60,10,2521450,0.1,527735000,-5.34376,1441.14,1000
"781",1,61,10,2623600,0.1,441513000,-5.12566,1327.02,1000
"782",1,62,10,2408380,0.1,341288000,-4.95377,1240.3,1000
"783",1,63,10,2300050,0.1,411904000,-5.18786,1358.96,1000
"784",1,64,10,1963260,0.1,438330000,-5.40837,1475.63,1000
"785",1,65,10,2439850,0.1,552568000,-5.42264,1483.57,1000
"786",1,66,10,2042960,0.1,584937000,-5.6571,1613.29,1000
"787",1,67,10,2301370,0.1,486975000,-5.35471,1446.91,1000
"788",1,68,10,2116890,0.1,361874000,-5.14135,1334.85,1000
"789",1,69,10,2351730,0.1,378855000,-5.082,1304.62,1000
"790",1,70,10,2293700,0.1,302911000,-4.88327,1205.58,1000
"791",1,71,10,1912400,0.1,211520000,-4.70596,1120.38,1000
"792",1,72,10,1863050,0.1,160863000,-4.45834,1006.89,1000
"793",1,73,10,2129150,0.1,107288000,-3.9198,781.429,1000
"794",1,74,10,2141670,0.1,147429000,-4.23176,908.584,1000
"795",1,75,10,1894730,0.1,811241000,-6.05949,1848.94,1000
"796",1,76,10,1957050,0.1,1025800000,-6.26179,1973.61,1000
"797",1,77,10,1839640,0.1,1130070000,-6.42047,2074.16,1000
"798",1,78,10,1836910,0.1,989963000,-6.28958,1990.98,1000
"799",1,79,10,2009410,0.1,777283000,-5.95797,1788,1000
"800",1,80,10,1904920,0.1,581698000,-5.72151,1649.86,1000
"801",1,1,11,17099500,0.1,1407830000,-4.41075,988.008,1000
"802",1,2,11,17100000,0.1,9.95215e+11,-10.9716,6034.11,1000
"803",1,3,11,20353200,0.1,4.21168e+12,-12.2401,7506.49,1000
"804",1,4,11,18515900,0.1,1.05445e+13,-13.2525,8796.77,1000
"805",1,5,11,19084700,0.1,1.39115e+13,-13.4993,9126.99,1000
"806",1,6,11,19271400,0.1,1.47368e+13,-13.5472,9191.77,1000
"807",1,7,11,20165000,0.1,1.42216e+13,-13.4663,9082.53,1000
"808",1,8,11,24485900,0.1,1.11535e+13,-13.0292,8503.59,1000
"809",1,9,11,29396000,0.1,8.77241e+12,-12.6063,7961.71,1000
"810",1,10,11,22824600,0.1,6.59979e+12,-12.5747,7921.72,1000
"811",1,11,11,22784600,0.1,4.98558e+12,-12.296,7575.11,1000
"812",1,12,11,24518400,0.1,6.38223e+12,-12.4696,7790.18,1000
"813",1,13,11,26138800,0.1,1.201e+13,-13.0378,8514.95,1000
"814",1,14,11,25758300,0.1,1.36043e+13,-13.1771,8697.53,1000
"815",1,15,11,21742900,0.1,1.03556e+13,-13.0737,8561.66,1000
"816",1,16,11,23238400,0.1,8.88877e+12,-12.8545,8277.48,1000
"817",1,17,11,16661800,0.1,7.66161e+12,-13.0386,8515.52,1000
"818",1,18,11,15730800,0.1,1.17465e+13,-13.5234,9159.37,1000
"819",1,19,11,16259400,0.1,1.47839e+13,-13.7204,9427.66,1000
"820",1,20,11,14335200,0.1,1.11416e+13,-13.5635,9213.49,1000
"821",1,21,11,12425200,0.1,8.55788e+12,-13.4426,9050.17,1000
"822",1,22,11,11887200,0.1,7.30442e+13,-15.6311,12231.5,1000
"823",1,23,11,12558800,0.1,1.20841e+14,-16.0796,12942.6,1000
"824",1,24,11,10121500,0.1,1.04961e+14,-16.1544,13063,1000
"825",1,25,11,11169100,0.1,9.39416e+13,-15.945,12727,1000
"826",1,26,11,9716270,0.1,7.17129e+13,-15.8144,12519.4,1000
"827",1,27,11,10695500,0.1,5.36863e+13,-15.4288,11917.3,1000
"828",1,28,11,9735700,0.1,4.03906e+13,-15.2383,11625,1000
"829",1,29,11,9200110,0.1,3.0057e+13,-14.9994,11263.7,1000
"830",1,30,11,9356840,0.1,2.23866e+13,-14.6879,10801.3,1000
"831",1,31,11,9977940,0.1,1.68813e+13,-14.3413,10298.4,1000
"832",1,32,11,8682820,0.1,1.34053e+13,-14.2498,10167.5,1000
"833",1,33,11,9995250,0.1,1.05966e+13,-13.8739,9639.04,1000
"834",1,34,11,10977500,0.1,7.91234e+12,-13.4881,9111.25,1000
"835",1,35,11,7479480,0.1,6.15223e+12,-13.6202,9289.88,1000
"836",1,36,11,9373950,0.1,6.96208e+12,-13.5181,9151.56,1000
"837",1,37,11,8454970,0.1,1.19454e+13,-14.1611,10041.4,1000
"838",1,38,11,10135600,0.1,1.45077e+13,-14.1741,10060.1,1000
"839",1,39,11,11448400,0.1,1.18526e+13,-13.8502,9606.28,1000
"840",1,40,11,8943670,0.1,9.19523e+12,-13.8432,9596.4,1000
"841",1,41,11,9919540,0.1,7.18102e+12,-13.4924,9117.03,1000
"842",1,42,11,11235600,0.1,1.54471e+13,-14.1338,10003.1,1000
"843",1,43,11,10656400,0.1,2.1588e+13,-14.5215,10558.5,1000
"844",1,44,11,11743500,0.1,1.61836e+13,-14.1362,10006.5,1000
"845",1,45,11,12306700,0.1,1.20351e+13,-13.7932,9527.55,1000
"846",1,46,11,14585400,0.1,9.30284e+12,-13.3658,8947.36,1000
"847",1,47,11,15040500,0.1,7.29306e+12,-13.0917,8584.75,1000
"848",1,48,11,14152800,0.1,6.79915e+12,-13.0824,8572.54,1000
"849",1,49,11,14193800,0.1,1.00977e+13,-13.475,9093.88,1000
"850",1,50,11,12351800,0.1,1.12971e+13,-13.7263,9435.44,1000
"851",1,51,11,14392900,0.1,8.58904e+12,-13.2993,8858.62,1000
"852",1,52,11,15738500,0.1,6.518e+12,-12.934,8379.57,1000
"853",1,53,11,13391500,0.1,5.00508e+12,-12.8313,8247.19,1000
"854",1,54,11,16048500,0.1,7.1452e+12,-13.0063,8473.45,1000
"855",1,55,11,15525000,0.1,8.76291e+12,-13.2436,8784.81,1000
"856",1,56,11,18018400,0.1,8.73131e+12,-13.091,8584.08,1000
"857",1,57,11,15591200,0.1,1.03603e+13,-13.4068,9002.27,1000
"858",1,58,11,19910700,0.1,1.10531e+13,-13.227,8763.05,1000
"859",1,59,11,15679100,0.1,1.06814e+13,-13.4317,9035.7,1000
"860",1,60,11,18116800,0.1,9.43432e+12,-13.163,8678.59,1000
"861",1,61,11,16219600,0.1,2.03449e+13,-14.0421,9874.28,1000
"862",1,62,11,15970700,0.1,4.93319e+13,-14.9433,11180.3,1000
"863",1,63,11,18229300,0.1,5.84109e+13,-14.98,11235.3,1000
"864",1,64,11,17443900,0.1,4.40314e+13,-14.7414,10880.8,1000
"865",1,65,11,20608700,0.1,5.66085e+13,-14.826,11005.9,1000
"866",1,66,11,20194600,0.1,6.79747e+13,-15.0292,11309.3,1000
"867",1,67,11,17647500,0.1,5.30145e+13,-14.9155,11138.9,1000
"868",1,68,11,16590000,0.1,3.94046e+13,-14.6806,10791.2,1000
"869",1,69,11,19778400,0.1,3.16928e+13,-14.287,10221.3,1000
"870",1,70,11,16612600,0.1,2.59754e+13,-14.2625,10186.2,1000
"871",1,71,11,17362200,0.1,1.93682e+13,-13.9248,9710.35,1000
"872",1,72,11,19073700,0.1,1.43824e+13,-13.5332,9172.76,1000
"873",1,73,11,14037800,0.1,1.07195e+13,-13.5458,9189.54,1000
"874",1,74,11,18889000,0.1,8.15798e+12,-12.9759,8434.1,1000
"875",1,75,11,12976800,0.1,6.36419e+12,-13.103,8599.47,1000
"876",1,76,11,16058600,0.1,8.93697e+13,-15.5321,12077.4,1000
"877",1,77,11,17779000,0.1,1.50906e+14,-15.9542,12742.1,1000
"878",1,78,11,18801400,0.1,1.43647e+14,-15.8489,12574.8,1000
"879",1,79,11,15224500,0.1,1.38784e+14,-16.0255,12856,1000
"880",1,80,11,14555400,0.1,1.05275e+14,-15.7941,12487.8,1000
"881",2,1,1,1794570,0.1,120095000,-4.20351,896.494,1000
"882",2,2,1,1750750,0.1,491153000,-5.63671,1601.62,1000
"883",2,3,1,1765360,0.1,711002000,-5.99832,1811.99,1000
"884",2,4,1,1297400,0.1,848766000,-6.48342,2114.43,1000
"885",2,5,1,1801840,0.1,894151000,-6.20707,1939.4,1000
"886",2,6,1,1854240,0.1,860401000,-6.13992,1897.98,1000
"887",2,7,1,1654220,0.1,1940810000,-7.06753,2510.44,1000
"888",2,8,1,1893510,0.1,2645290000,-7.24211,2635.48,1000
"889",2,9,1,1360640,0.1,2946930000,-7.68057,2962.29,1000
"890",2,10,1,1735790,0.1,2933380000,-7.43245,2775.05,1000
"891",2,11,1,1576270,0.1,2864110000,-7.50495,2829.1,1000
"892",2,12,1,1401710,0.1,3266430000,-7.75376,3018.81,1000
"893",2,13,1,1553820,0.1,3576200000,-7.74134,3009.29,1000
"894",2,14,1,1621330,0.1,3882800000,-7.78107,3040.17,1000
"895",2,15,1,1455720,0.1,3909750000,-7.89573,3129.93,1000
"896",2,16,1,1191890,0.1,3826060000,-8.07405,3272.12,1000
"897",2,17,1,1190920,0.1,3498150000,-7.98526,3200.83,1000
"898",2,18,1,1043350,0.1,3348620000,-8.07387,3271.84,1000
"899",2,19,1,1213950,0.1,3009470000,-7.81564,3066.84,1000
"900",2,20,1,1069610,0.1,2596600000,-7.79466,3050.34,1000
"901",2,21,1,1226380,0.1,2.354e+09,-7.5598,2870.17,1000
"902",2,22,1,1067210,0.1,2105050000,-7.58705,2890.66,1000
"903",2,23,1,1101910,0.1,1839310000,-7.4201,2765.42,1000
"904",2,24,1,1034490,0.1,1568480000,-7.32396,2694.48,1000
"905",2,25,1,1094690,0.1,1324140000,-7.09804,2531.63,1000
"906",2,26,1,895881,0.1,1216730000,-7.21387,2614.32,1000
"907",2,27,1,1008130,0.1,1098390000,-6.99351,2457.9,1000
"908",2,28,1,974152,0.1,978762000,-6.91248,2401.52,1000
"909",2,29,1,851732,0.1,850743000,-6.90659,2397.32,1000
"910",2,30,1,1032880,0.1,723614000,-6.55191,2158.84,1000
"911",2,31,1,1144410,0.1,685659000,-6.39549,2057.68,1000
"912",2,32,1,1210540,0.1,790927000,-6.48214,2113.53,1000
"913",2,33,1,1136590,0.1,12323800000,-9.29125,4328.93,1000
"914",2,34,1,1055020,0.1,20288600000,-9.86425,4877.66,1000
"915",2,35,1,1030880,0.1,26921300000,-10.1703,5184.17,1000
"916",2,36,1,1010550,0.1,29586100000,-10.2846,5301.05,1000
"917",2,37,1,908586,0.1,29229200000,-10.3788,5398.3,1000
"918",2,38,1,1085820,0.1,26986300000,-10.1207,5133.99,1000
"919",2,39,1,1156190,0.1,23812500000,-9.93284,4945.64,1000
"920",2,40,1,1129570,0.1,20437200000,-9.80327,4817.76,1000
"921",2,41,1,1327810,0.1,17131600000,-9.46515,4492.16,1000
"922",2,42,1,1489720,0.1,14175500000,-9.16068,4208.73,1000
"923",2,43,1,1688300,0.1,11558900000,-8.83149,3912.72,1000
"924",2,44,1,1217780,0.1,9780090000,-8.99107,4054.6,1000
"925",2,45,1,1379390,0.1,8241780000,-8.69533,3793.19,1000
"926",2,46,1,1360150,0.1,6872200000,-8.52764,3648.78,1000
"927",2,47,1,1378280,0.1,5692950000,-8.32615,3478.99,1000
"928",2,48,1,1403060,0.1,4669920000,-8.11024,3301.57,1000
"929",2,49,1,1647430,0.1,3813810000,-7.74717,3013.86,1000
"930",2,50,1,1638880,0.1,3114260000,-7.54973,2862.85,1000
"931",2,51,1,1434780,0.1,17024100000,-9.38138,4413.3,1000
"932",2,52,1,1415360,0.1,2.6637e+10,-9.84267,4856.69,1000
"933",2,53,1,1541390,0.1,31389400000,-9.92154,4934.71,1000
"934",2,54,1,1704940,0.1,3.2127e+10,-9.84392,4858.11,1000
"935",2,55,1,1757630,0.1,30438800000,-9.75951,4775.4,1000
"936",2,56,1,1537570,0.1,2.7324e+10,-9.78532,4800.48,1000
"937",2,57,1,1419310,0.1,23663400000,-9.72152,4738.18,1000
"938",2,58,1,1334170,0.1,20006100000,-9.61549,4635.6,1000
"939",2,59,1,1511740,0.1,16574600000,-9.30237,4339.55,1000
"940",2,60,1,1815760,0.1,13514300000,-8.915,3986.89,1000
"941",2,61,1,1483100,0.1,10950600000,-8.90701,3979.57,1000
"942",2,62,1,1426260,0.1,12426800000,-9.07255,4128.35,1000
"943",2,63,1,1443260,0.1,13346100000,-9.13208,4182.54,1000
"944",2,64,1,1716790,0.1,13269200000,-8.95275,4020.56,1000
"945",2,65,1,1600770,0.1,12548900000,-8.96691,4033.17,1000
"946",2,66,1,1592720,0.1,34919400000,-9.99535,5008.25,1000
"947",2,67,1,1639710,0.1,5.0019e+10,-10.3256,5343.87,1000
"948",2,68,1,1356080,0.1,56646500000,-10.64,5673.2,1000
"949",2,69,1,1403490,0.1,60892200000,-10.6779,5713.65,1000
"950",2,70,1,1653970,0.1,59848200000,-10.4964,5521.65,1000
"951",2,71,1,1462600,0.1,55965300000,-10.5523,5580.33,1000
"952",2,72,1,1377400,0.1,50002600000,-10.4996,5524.87,1000
"953",2,73,1,1507370,0.1,43791600000,-10.2768,5293.5,1000
"954",2,74,1,1569350,0.1,37431300000,-10.0796,5092.8,1000
"955",2,75,1,1414680,0.1,31356500000,-10.0063,5019.06,1000
"956",2,76,1,1256530,0.1,25807900000,-9.93008,4942.98,1000
"957",2,77,1,1391480,0.1,20920800000,-9.61813,4638.19,1000
"958",2,78,1,1169810,0.1,16825200000,-9.57379,4595.46,1000
"959",2,79,1,1551180,0.1,1.3406e+10,-9.06444,4121.07,1000
"960",2,80,1,1292100,0.1,10858100000,-9.0364,4095.51,1000
"961",2,1,2,858110,0.1,15854200,-2.91646,437.565,1000
"962",2,2,2,653464,0.1,27007000,-3.72157,704.509,1000
"963",2,3,2,495376,0.1,24122700,-3.88559,766.621,1000
"964",2,4,2,592463,0.1,9687760,-2.79433,402.322,1000
"965",2,5,2,616767,0.1,16773400,-3.30306,557.458,1000
"966",2,6,2,550369,0.1,24401300,-3.7918,730.723,1000
"967",2,7,2,1656140,0.1,15402000,-2.23001,261.583,1000
"968",2,8,2,1145160,0.1,8486340,-2.00291,213.151,1000
"969",2,9,2,433330,0.1,5740240,-2.58376,345.386,1000
"970",2,10,2,988281,0.1,6400380,-1.86815,186.919,1000
"971",2,11,2,780207,0.1,7017370,-2.19658,253.433,1000
"972",2,12,2,850624,0.1,5648350,-1.89315,191.471,1000
"973",2,13,2,549216,0.1,2491200,-1.51203,126.144,1000
"974",2,14,2,581395,0.1,3179730,-1.69912,156.24,1000
"975",2,15,2,653593,0.1,4048750,-1.82368,178.297,1000
"976",2,16,2,804448,0.1,2780550,-1.24025,89.1249,1000
"977",2,17,2,556683,0.1,1967150,-1.26234,91.5217,1000
"978",2,18,2,774197,0.1,1565950,-0.704424,36.9866,1000
"979",2,19,2,735982,0.1,907119,-0.209069,14.3108,1000
"980",2,20,2,592434,0.1,2106200,-1.2684,92.3507,1000
"981",2,21,2,688682,0.1,3013940,-1.47622,121.021,1000
"982",2,22,2,863839,0.1,1602650,-0.61803,31.3836,1000
"983",2,23,2,1241760,0.1,161563000,-4.86837,1197.7,1000
"984",2,24,2,976743,0.1,131404000,-4.90181,1213.79,1000
"985",2,25,2,789217,0.1,54981800,-4.24372,912.652,1000
"986",2,26,2,869120,0.1,22091100,-3.23545,535.698,1000
"987",2,27,2,815896,0.1,104523000,-4.85288,1189.75,1000
"988",2,28,2,917826,0.1,117216000,-4.84977,1188.36,1000
"989",2,29,2,766135,0.1,66913800,-4.4698,1011.12,1000
"990",2,30,2,1042400,0.1,32056500,-3.42598,599.339,1000
"991",2,31,2,1036000,0.1,15100100,-2.67933,371.408,1000
"992",2,32,2,1011290,0.1,1457360000,-7.27315,2657.38,1000
"993",2,33,2,863572,0.1,2317650000,-7.89499,3128.83,1000
"994",2,34,2,786745,0.1,1425110000,-7.50186,2826.08,1000
"995",2,35,2,736677,0.1,628516000,-6.74897,2289.56,1000
"996",2,36,2,771216,0.1,192150000,-5.51807,1534.62,1000
"997",2,37,2,910320,0.1,33966800,-3.61934,667.32,1000
"998",2,38,2,826248,0.1,4916480,-1.78345,171.276,1000
"999",2,39,2,1031260,0.1,1694670,-0.496706,24.7985,1000
"1000",2,40,2,995614,0.1,3060720,-1.12305,75.489,1000
"1001",2,41,2,1429520,0.1,3312100,-0.840247,48.09,1000
"1002",2,42,2,1050810,0.1,1519160,-0.368593,19.2745,1000
"1003",2,43,2,753735,0.1,1097490,-0.375736,19.208,1000
"1004",2,44,2,710251,0.1,1277110,-0.586734,29.3025,1000
"1005",2,45,2,680516,0.1,1042990,-0.426996,21.1632,1000
"1006",2,46,2,771595,0.1,613922,0.228591,14.7853,1000
"1007",2,47,2,646784,0.1,326633,0.683177,35.3326,1000
"1008",2,48,2,740070,0.1,201586,1.30053,96.6998,1000
"1009",2,49,2,986073,0.1,94205.2,2.34825,288.133,1000
"1010",2,50,2,745405,0.1,64334.2,2.44984,312.223,1000
"1011",2,51,2,921533,0.1,73655.1,2.52665,331.547,1000
"1012",2,52,2,676494,0.1,443233,0.422828,20.9802,1000
"1013",2,53,2,1165340,0.1,668655,0.555498,28.0138,1000
"1014",2,54,2,846685,0.1,396705,0.758136,41.004,1000
"1015",2,55,2,835179,0.1,7696000,-2.22081,258.851,1000
"1016",2,56,2,936517,0.1,11138100,-2.47596,318.884,1000
"1017",2,57,2,872877,0.1,6443550,-1.99904,212.104,1000
"1018",2,58,2,1672210,0.1,2579120,-0.433301,22.3335,1000
"1019",2,59,2,1004410,0.1,941948,0.0642009,12.6423,1000
"1020",2,60,2,957813,0.1,2509830,-0.963316,58.7876,1000
"1021",2,61,2,1051210,0.1,3290110,-1.14098,77.5739,1000
"1022",2,62,2,1294280,0.1,1137910,0.128763,13.5188,1000
"1023",2,63,2,837244,0.1,2900500,-1.24252,89.4472,1000
"1024",2,64,2,1039240,0.1,2651870,-0.936772,56.3475,1000
"1025",2,65,2,848554,0.1,1680310,-0.683202,35.6059,1000
"1026",2,66,2,1197200,0.1,882183,0.305345,17.2736,1000
"1027",2,67,2,1132420,0.1,1046330,0.0790733,12.8689,1000
"1028",2,68,2,763113,0.1,24045500,-3.4503,607.389,1000
"1029",2,69,2,1028220,0.1,18470400,-2.88834,429.585,1000
"1030",2,70,2,1371560,0.1,6350550,-1.5326,130.19,1000
"1031",2,71,2,878604,0.1,5779830,-1.8838,189.737,1000
"1032",2,72,2,885045,0.1,3677490,-1.42435,113.748,1000
"1033",2,73,2,1235350,0.1,4977950,-1.39366,109.758,1000
"1034",2,74,2,1725390,0.1,4610020,-0.982781,61.2703,1000
"1035",2,75,2,742463,0.1,6225000,-2.12636,238.203,1000
"1036",2,76,2,1182300,0.1,8591380,-1.9833,209.273,1000
"1037",2,77,2,1105840,0.1,4424000,-1.38644,108.643,1000
"1038",2,78,2,695244,0.1,2095010,-1.10305,72.9043,1000
"1039",2,79,2,961285,0.1,910445,0.0543379,12.54,1000
"1040",2,80,2,761557,0.1,453390,0.518614,25.6075,1000
"1041",2,1,3,368164,0.1,3612570,-2.28365,272.185,1000
"1042",2,2,3,365607,0.1,4484440,-2.50681,325.631,1000
"1043",2,3,3,393318,0.1,3980350,-2.31451,279.346,1000
"1044",2,4,3,325160,0.1,3313050,-2.32131,280.731,1000
"1045",2,5,3,335887,0.1,2672740,-2.07409,226.433,1000
"1046",2,6,3,417016,0.1,2141790,-1.63627,145.426,1000
"1047",2,7,3,335004,0.1,1725490,-1.63913,145.675,1000
"1048",2,8,3,406658,0.1,2675820,-1.88404,189.012,1000
"1049",2,9,3,303271,0.1,4636100,-2.727,383.066,1000
"1050",2,10,3,411069,0.1,5890020,-2.66225,365.923,1000
"1051",2,11,3,394984,0.1,6114000,-2.73949,386.743,1000
"1052",2,12,3,355848,0.1,5645790,-2.76416,393.428,1000
"1053",2,13,3,316264,0.1,4845160,-2.72916,383.696,1000
"1054",2,14,3,372858,0.1,3958440,-2.36241,290.494,1000
"1055",2,15,3,360441,0.1,4403010,-2.50272,324.591,1000
"1056",2,16,3,361486,0.1,5908540,-2.79393,401.717,1000
"1057",2,17,3,268847,0.1,6827440,-3.23456,534.238,1000
"1058",2,18,3,274843,0.1,6793820,-3.20757,525.565,1000
"1059",2,19,3,261964,0.1,6088930,-3.14602,505.965,1000
"1060",2,20,3,251349,0.1,5101540,-3.01046,464.193,1000
"1061",2,21,3,248104,0.1,4095350,-2.80376,404.091,1000
"1062",2,22,3,239462,0.1,3218990,-2.59843,348.595,1000
"1063",2,23,3,237293,0.1,2511800,-2.35946,289.345,1000
"1064",2,24,3,198926,0.1,1946210,-2.28071,270.898,1000
"1065",2,25,3,237916,0.1,1499370,-1.84088,180.438,1000
"1066",2,26,3,224677,0.1,1149420,-1.63235,144.167,1000
"1067",2,27,3,212406,0.1,885431,-1.42757,112.781,1000
"1068",2,28,3,238979,0.1,689530,-1.05963,67.1418,1000
"1069",2,29,3,260799,0.1,538564,-0.725157,37.3805,1000
"1070",2,30,3,233879,0.1,444479,-0.642101,31.5936,1000
"1071",2,31,3,184355,0.1,392376,-0.75536,39.2694,1000
"1072",2,32,3,198967,0.1,345164,-0.550881,25.9907,1000
"1073",2,33,3,224306,0.1,297276,-0.281649,14.9034,1000
"1074",2,34,3,187953,0.1,251287,-0.290408,14.9771,1000
"1075",2,35,3,192882,0.1,207092,-0.0710829,11.0388,1000
"1076",2,36,3,180721,0.1,170271,0.0595628,10.8984,1000
"1077",2,37,3,202380,0.1,153674,0.275312,14.6241,1000
"1078",2,38,3,183554,0.1,149872,0.202722,12.7914,1000
"1079",2,39,3,216040,0.1,142160,0.41851,19.6571,1000
"1080",2,40,3,155668,0.1,127841,0.196942,12.5111,1000
"1081",2,41,3,197589,0.1,110920,0.577375,27.4784,1000
"1082",2,42,3,219309,0.1,96829.5,0.817531,44.3325,1000
"1083",2,43,3,214115,0.1,129528,0.502618,23.5219,1000
"1084",2,44,3,212378,0.1,220810,-0.038935,10.9583,1000
"1085",2,45,3,241331,0.1,311512,-0.255265,14.2683,1000
"1086",2,46,3,259545,0.1,475162,-0.604724,29.3676,1000
"1087",2,47,3,225045,0.1,677009,-1.10138,71.5928,1000
"1088",2,48,3,279162,0.1,777054,-1.02372,63.5559,1000
"1089",2,49,3,298038,0.1,761483,-0.938047,55.2179,1000
"1090",2,50,3,253646,0.1,681042,-0.987683,59.8359,1000
"1091",2,51,3,256131,0.1,585269,-0.826383,45.2152,1000
"1092",2,52,3,275718,0.1,491215,-0.577504,27.819,1000
"1093",2,53,3,267445,0.1,404291,-0.413222,19.6506,1000
"1094",2,54,3,287670,0.1,683114,-0.864848,48.5841,1000
"1095",2,55,3,237998,0.1,1233350,-1.64523,146.335,1000
"1096",2,56,3,306796,0.1,1586040,-1.64281,146.192,1000
"1097",2,57,3,257345,0.1,1646600,-1.85605,183.321,1000
"1098",2,58,3,305929,0.1,1505700,-1.59366,138.235,1000
"1099",2,59,3,243017,0.1,1281520,-1.66267,149.241,1000
"1100",2,60,3,349267,0.1,1125150,-1.16984,79.8059,1000
"1101",2,61,3,273184,0.1,1376850,-1.61741,141.934,1000
"1102",2,62,3,268497,0.1,1971680,-1.9938,209.879,1000
"1103",2,63,3,316327,0.1,2423460,-2.03618,218.581,1000
"1104",2,64,3,270433,0.1,2511640,-2.22867,259.472,1000
"1105",2,65,3,320060,0.1,2310790,-1.97684,206.687,1000
"1106",2,66,3,369139,0.1,1970470,-1.67485,151.692,1000
"1107",2,67,3,274544,0.1,1612370,-1.77035,167.846,1000
"1108",2,68,3,293904,0.1,1304010,-1.48995,122.205,1000
"1109",2,69,3,280264,0.1,1085340,-1.35392,102.814,1000
"1110",2,70,3,287494,0.1,931014,-1.17507,80.2251,1000
"1111",2,71,3,319529,0.1,795950,-0.912688,52.9409,1000
"1112",2,72,3,236743,0.1,729807,-1.1258,74.3628,1000
"1113",2,73,3,246555,0.1,715906,-1.06596,67.8456,1000
"1114",2,74,3,311331,0.1,678028,-0.778333,41.5551,1000
"1115",2,75,3,272694,0.1,602505,-0.792744,42.5546,1000
"1116",2,76,3,286731,0.1,506120,-0.56823,27.3269,1000
"1117",2,77,3,220902,0.1,428541,-0.662667,32.8782,1000
"1118",2,78,3,278469,0.1,375859,-0.299908,15.6506,1000
"1119",2,79,3,272500,0.1,337534,-0.214026,13.4221,1000
"1120",2,80,3,223807,0.1,309192,-0.323178,16.1571,1000
"1121",2,1,4,866158,0.1,7896420,-2.2101,256.515,1000
"1122",2,2,4,1031540,0.1,15207100,-2.6907,374.457,1000
"1123",2,3,4,1011980,0.1,33562800,-3.50151,625.473,1000
"1124",2,4,4,1155980,0.1,184698000,-5.07377,1299.74,1000
"1125",2,5,4,1323760,0.1,2249890,-0.530408,26.779,1000
"1126",2,6,4,1882320,0.1,35649000,-2.94121,445.601,1000
"1127",2,7,4,1481400,0.1,26669300,-2.89052,430.581,1000
"1128",2,8,4,1705690,0.1,726523000,-6.0543,1845.69,1000
"1129",2,9,4,1785350,0.1,517200000,-5.66881,1619.78,1000
"1130",2,10,4,2112350,0.1,75691500,-3.57886,653.593,1000
"1131",2,11,4,1776070,0.1,82021400,-3.83258,747.438,1000
"1132",2,12,4,1700150,0.1,34328500,-3.00526,464.542,1000
"1133",2,13,4,1728160,0.1,1117920,0.435589,22.4658,1000
"1134",2,14,4,1837200,0.1,35600100,-2.9641,452.336,1000
"1135",2,15,4,2121120,0.1,1957800,0.0801261,13.5048,1000
"1136",2,16,4,1894960,0.1,2632080,-0.328581,18.4693,1000
"1137",2,17,4,1061780,0.1,34363200,-3.47704,616.982,1000
"1138",2,18,4,871195,0.1,79640900,-4.51542,1031.74,1000
"1139",2,19,4,652525,0.1,6042670,-2.22575,259.703,1000
"1140",2,20,4,583591,0.1,71045.8,2.10587,233.629,1000
"1141",2,21,4,315456,0.1,126516000,-5.9941,1807.74,1000
"1142",2,22,4,377041,0.1,49602900,-4.87945,1201.91,1000
"1143",2,23,4,301917,0.1,2945.19,4.62998,1083.07,1000
"1144",2,24,4,258960,0.1,367696,-0.350582,17.2262,1000
"1145",2,25,4,213697,0.1,1533.8,4.93681,1229.49,1000
"1146",2,26,4,179655,0.1,37471200,-5.34029,1436.65,1000
"1147",2,27,4,562540,0.1,16624400,-3.38616,585.161,1000
"1148",2,28,4,909632,0.1,1084790,-0.176105,13.8878,1000
"1149",2,29,4,1347710,0.1,3265630,-0.885048,51.8958,1000
"1150",2,30,4,1629720,0.1,183927,2.18163,250.895,1000
"1151",2,31,4,1787950,0.1,3878120,-0.77428,42.9884,1000
"1152",2,32,4,1395040,0.1,4560140000,-8.09218,3286.94,1000
"1153",2,33,4,996425,0.1,236937000,-5.47137,1509.23,1000
"1154",2,34,4,892623,0.1,7539510,-2.13375,239.962,1000
"1155",2,35,4,615531,0.1,2575300000,-8.33899,3488.89,1000
"1156",2,36,4,588555,0.1,212722000,-5.89007,1746.55,1000
"1157",2,37,4,364001,0.1,167128000,-6.12936,1889.87,1000
"1158",2,38,4,367202,0.1,4969510,-2.60516,350.774,1000
"1159",2,39,4,351271,0.1,1644960,-1.54391,130.568,1000
"1160",2,40,4,752877,0.1,26826300,-3.57323,650.548,1000
"1161",2,41,4,1057380,0.1,71598200,-4.21528,900.915,1000
"1162",2,42,4,1346030,0.1,3537020,-0.966123,59.3987,1000
"1163",2,43,4,2074310,0.1,77619.6,3.28556,552.908,1000
"1164",2,44,4,1794230,0.1,599422,1.09637,73.1173,1000
"1165",2,45,4,1831180,0.1,8574710000,-8.45161,3584.52,1000
"1166",2,46,4,1945820,0.1,602387000,-5.73522,1657.73,1000
"1167",2,47,4,1796360,0.1,84027200,-3.84538,752.363,1000
"1168",2,48,4,2134190,0.1,11606900,-1.69352,156.59,1000
"1169",2,49,4,1846680,0.1,6589340,-1.27206,93.9524,1000
"1170",2,50,4,2665430,0.1,1692360000,-6.45351,2095.8,1000
"1171",2,51,4,2100080,0.1,32789900,-2.74814,390.789,1000
"1172",2,52,4,1641460,0.1,1467570000,-6.79577,2322.05,1000
"1173",2,53,4,1561530,0.1,1168370000,-6.6177,2202.58,1000
"1174",2,54,4,1690340,0.1,232347000,-4.9233,1224.9,1000
"1175",2,55,4,1690170,0.1,2155650000,-7.15102,2569.81,1000
"1176",2,56,4,1223800,0.1,78255000,-4.15801,877.088,1000
"1177",2,57,4,1556570,0.1,17100600,-2.39663,300.066,1000
"1178",2,58,4,1734290,0.1,141342000,-4.40058,981.239,1000
"1179",2,59,4,2375590,0.1,9850750,-1.4223,114.444,1000
"1180",2,60,4,2198760,0.1,1335840,0.49833,25.6364,1000
"1181",2,61,4,2111000,0.1,5833380000,-7.92419,3152.82,1000
"1182",2,62,4,1888950,0.1,5947660,-1.14698,78.8455,1000
"1183",2,63,4,1775430,0.1,25012.2,4.26243,921.422,1000
"1184",2,64,4,1558030,0.1,9324780,-1.78926,172.947,1000
"1185",2,65,4,1464060,0.1,15247100,-2.34318,287.338,1000
"1186",2,66,4,1255200,0.1,391950,1.16392,80.3942,1000
"1187",2,67,4,1005400,0.1,387942,0.952282,57.7793,1000
"1188",2,68,4,1152810,0.1,59558600,-3.94476,790.63,1000
"1189",2,69,4,786335,0.1,40327700,-3.93741,787.352,1000
"1190",2,70,4,925347,0.1,526151,0.56458,28.2918,1000
"1191",2,71,4,686666,0.1,225404000,-5.7938,1690.46,1000
"1192",2,72,4,710910,0.1,3280810,-1.5293,129.029,1000
"1193",2,73,4,619476,0.1,205901000,-5.80628,1697.59,1000
"1194",2,74,4,493471,0.1,5046000,-2.32489,281.981,1000
"1195",2,75,4,493010,0.1,62743000,-4.84627,1186.04,1000
"1196",2,76,4,437628,0.1,44878800,-4.63035,1083.61,1000
"1197",2,77,4,328752,0.1,202.426,7.39269,2743.91,1000
"1198",2,78,4,327743,0.1,6741.5,3.88395,765.569,1000
"1199",2,79,4,340223,0.1,17996.6,2.93942,443.363,1000
"1200",2,80,4,281136,0.1,52804,1.67225,150.984,1000
"1201",2,1,5,1251540,0.1,29309200,-3.15353,509.894,1000
"1202",2,2,5,1369190,0.1,3393860000,-7.8155,3066.85,1000
"1203",2,3,5,1514060,0.1,19368200000,-9.45659,4484.2,1000
"1204",2,4,5,1353590,0.1,51800700000,-10.5524,5580.39,1000
"1205",2,5,5,1599780,0.1,1.03609e+11,-11.0785,6149.58,1000
"1206",2,6,5,1742120,0.1,1.63236e+11,-11.4479,6565.65,1000
"1207",2,7,5,1284080,0.1,1.91841e+11,-11.9144,7110.3,1000
"1208",2,8,5,1690550,0.1,1.98654e+11,-11.6743,6827.38,1000
"1209",2,9,5,1956720,0.1,1.9243e+11,-11.4962,6621.26,1000
"1210",2,10,5,1620340,0.1,1.9559e+11,-11.7011,6858.75,1000
"1211",2,11,5,1556620,0.1,2.22781e+11,-11.8714,7059.42,1000
"1212",2,12,5,1795090,0.1,2.48958e+11,-11.84,7022.28,1000
"1213",2,13,5,2118900,0.1,2.80854e+11,-11.7947,6968.92,1000
"1214",2,14,5,1751340,0.1,2.95194e+11,-12.035,7255.06,1000
"1215",2,15,5,1578380,0.1,2.89273e+11,-12.1187,7356.06,1000
"1216",2,16,5,1754130,0.1,2.76116e+11,-11.9666,7172.97,1000
"1217",2,17,5,1591740,0.1,2.69708e+11,-12.0403,7261.3,1000
"1218",2,18,5,2020570,0.1,2.79679e+11,-11.838,7020.07,1000
"1219",2,19,5,2119020,0.1,2.78354e+11,-11.7857,6958.31,1000
"1220",2,20,5,2295350,0.1,2.84131e+11,-11.7263,6888.58,1000
"1221",2,21,5,1907840,0.1,3.09611e+11,-11.9971,7209.6,1000
"1222",2,22,5,2165410,0.1,3.16138e+11,-11.8913,7083.38,1000
"1223",2,23,5,1860070,0.1,3.06444e+11,-12.0122,7227.68,1000
"1224",2,24,5,2178340,0.1,2.86991e+11,-11.7886,6961.82,1000
"1225",2,25,5,1933020,0.1,2.63847e+11,-11.824,7003.49,1000
"1226",2,26,5,2106290,0.1,2.41422e+11,-11.6494,6798.58,1000
"1227",2,27,5,2184340,0.1,2.21774e+11,-11.5281,6658.06,1000
"1228",2,28,5,1964450,0.1,2.26456e+11,-11.6551,6805.16,1000
"1229",2,29,5,2331850,0.1,2.79685e+11,-11.6948,6851.65,1000
"1230",2,30,5,1919170,0.1,3.50467e+11,-12.1151,7351.9,1000
"1231",2,31,5,2536680,0.1,4.13752e+11,-12.0022,7215.96,1000
"1232",2,32,5,1929110,0.1,4.27161e+11,-12.3079,7587.26,1000
"1233",2,33,5,1786500,0.1,4.0651e+11,-12.3351,7620.75,1000
"1234",2,34,5,1907280,0.1,3.74706e+11,-12.1882,7440.71,1000
"1235",2,35,5,2079300,0.1,3.42027e+11,-12.0106,7225.9,1000
"1236",2,36,5,2196180,0.1,3.11464e+11,-11.8623,7048.95,1000
"1237",2,37,5,2334920,0.1,2.85701e+11,-11.7147,6875.02,1000
"1238",2,38,5,2250020,0.1,2.64707e+11,-11.6754,6829.04,1000
"1239",2,39,5,1949960,0.1,2.47748e+11,-11.7524,6918.99,1000
"1240",2,40,5,2239200,0.1,2.35687e+11,-11.5641,6699.7,1000
"1241",2,41,5,2046480,0.1,2.21141e+11,-11.5904,6730.06,1000
"1242",2,42,5,2166420,0.1,2.03832e+11,-11.452,6570.59,1000
"1243",2,43,5,2132430,0.1,1.86544e+11,-11.3792,6487.45,1000
"1244",2,44,5,2055520,0.1,1.75054e+11,-11.3523,6456.91,1000
"1245",2,45,5,2255410,0.1,1.82438e+11,-11.3008,6398.69,1000
"1246",2,46,5,2141110,0.1,2.0405e+11,-11.4648,6585.27,1000
"1247",2,47,5,2213360,0.1,2.11317e+11,-11.4666,6587.37,1000
"1248",2,48,5,2186660,0.1,2.34041e+11,-11.5809,6719.05,1000
"1249",2,49,5,1713300,0.1,2.88066e+11,-12.0325,7252.05,1000
"1250",2,50,5,1899760,0.1,3.09644e+11,-12.0015,7214.82,1000
"1251",2,51,5,2485700,0.1,3.00805e+11,-11.7037,6862.13,1000
"1252",2,52,5,2212960,0.1,2.83081e+11,-11.7592,6927.12,1000
"1253",2,53,5,1917840,0.1,2.69103e+11,-11.8517,7036.16,1000
"1254",2,54,5,1938910,0.1,2.61259e+11,-11.8111,6988.25,1000
"1255",2,55,5,1986280,0.1,2.47532e+11,-11.733,6896.32,1000
"1256",2,56,5,2470370,0.1,2.28831e+11,-11.4364,6552.87,1000
"1257",2,57,5,1880560,0.1,2.10948e+11,-11.6278,6773.35,1000
"1258",2,58,5,2589410,0.1,2.00815e+11,-11.2587,6351.31,1000
"1259",2,59,5,1794470,0.1,1.96791e+11,-11.6052,6747.03,1000
"1260",2,60,5,2066110,0.1,1.89212e+11,-11.425,6539.64,1000
"1261",2,61,5,1932340,0.1,1.77583e+11,-11.4285,6543.58,1000
"1262",2,62,5,1693130,0.1,1.65659e+11,-11.4911,6615.24,1000
"1263",2,63,5,2390430,0.1,1.52835e+11,-11.0656,6135.72,1000
"1264",2,64,5,2076840,0.1,1.41101e+11,-11.1264,6202.99,1000
"1265",2,65,5,2086270,0.1,1.32229e+11,-11.0569,6125.94,1000
"1266",2,66,5,1912020,0.1,1.22801e+11,-11.0702,6140.5,1000
"1267",2,67,5,1920610,0.1,1.13078e+11,-10.9832,6044.61,1000
"1268",2,68,5,2034860,0.1,1.16578e+11,-10.9559,6014.72,1000
"1269",2,69,5,2097080,0.1,1.46701e+11,-11.1556,6235.55,1000
"1270",2,70,5,2115340,0.1,1.73447e+11,-11.3144,6413.98,1000
"1271",2,71,5,2253010,0.1,1.79442e+11,-11.2853,6381.19,1000
"1272",2,72,5,2021930,0.1,1.73765e+11,-11.3614,6467.21,1000
"1273",2,73,5,1886360,0.1,1.62498e+11,-11.3638,6469.84,1000
"1274",2,74,5,1743790,0.1,1.50349e+11,-11.3646,6470.75,1000
"1275",2,75,5,1977950,0.1,1.40654e+11,-11.172,6253.79,1000
"1276",2,76,5,2069490,0.1,1.32187e+11,-11.0647,6134.51,1000
"1277",2,77,5,2474900,0.1,1.25094e+11,-10.8306,5878.45,1000
"1278",2,78,5,2176900,0.1,1.1945e+11,-10.9128,5967.62,1000
"1279",2,79,5,2135130,0.1,1.14143e+11,-10.8867,5939.19,1000
"1280",2,80,5,1928740,0.1,1.06782e+11,-10.9217,5977.24,1000
"1281",2,1,7,6029950,0.1,124700000,-3.02917,473.022,1000
"1282",2,2,7,5966140,0.1,29274600000,-8.49837,3625.34,1000
"1283",2,3,7,5862610,0.1,32251300000,-8.61272,3723.15,1000
"1284",2,4,7,6698870,0.1,1850270000,-5.62115,1594.2,1000
"1285",2,5,7,4640270,0.1,8433170,-0.597399,31.8109,1000
"1286",2,6,7,6069490,0.1,444534,2.614,355.886,1000
"1287",2,7,7,5603670,0.1,3526780,0.463038,24.8755,1000
"1288",2,8,7,6227740,0.1,900190,1.93416,201.31,1000
"1289",2,9,7,6498880,0.1,32909500,-1.62213,145.869,1000
"1290",2,10,7,6008160,0.1,28335900,-1.55101,134.507,1000
"1291",2,11,7,5345900,0.1,790635000,-4.99651,1262.36,1000
"1292",2,12,7,6215520,0.1,4452300000,-6.57413,2175.22,1000
"1293",2,13,7,4949480,0.1,42456400,-2.1492,244.983,1000
"1294",2,14,7,5859390,0.1,285304,3.02225,470.899,1000
"1295",2,15,7,5190350,0.1,2343110,0.795321,45.7054,1000
"1296",2,16,7,4502630,0.1,48754400,-2.38213,297.665,1000
"1297",2,17,7,4902530,0.1,148268000,-3.40927,595.178,1000
"1298",2,18,7,3649660,0.1,29665800,-2.09536,233.254,1000
"1299",2,19,7,4895190,0.1,73710800,-2.7119,381.739,1000
"1300",2,20,7,4737710,0.1,218947000,-3.83327,748.687,1000
"1301",2,21,7,5544340,0.1,617171,2.19539,255.131,1000
"1302",2,22,7,4198610,0.1,3606380,0.15205,15.0226,1000
"1303",2,23,7,4321180,0.1,233.006,9.82797,4843.35,1000
"1304",2,24,7,5052790,0.1,198225,3.23829,538.378,1000
"1305",2,25,7,4462010,0.1,545.032,9.01027,4073.17,1000
"1306",2,26,7,4447940,0.1,8027.13,6.31737,2009.38,1000
"1307",2,27,7,4808580,0.1,296217,2.78706,402.388,1000
"1308",2,28,7,4346060,0.1,6087220,-0.336921,19.5769,1000
"1309",2,29,7,5362820,0.1,284832,2.93535,444.924,1000
"1310",2,30,7,4890180,0.1,11426200,-0.84868,50.032,1000
"1311",2,31,7,4497420,0.1,230911,2.96923,454.751,1000
"1312",2,32,7,4550490,0.1,6483050,-0.353956,20.2113,1000
"1313",2,33,7,5234590,0.1,119454,3.78012,728.551,1000
"1314",2,34,7,4810940,0.1,12285200,-0.937502,57.9482,1000
"1315",2,35,7,5057200,0.1,11138200,-0.789569,45.2236,1000
"1316",2,36,7,5178430,0.1,122217000,-3.1613,513.766,1000
"1317",2,37,7,4730760,0.1,5156690,-0.0862102,14.3576,1000
"1318",2,38,7,4577270,0.1,1538980,1.08998,73.3563,1000
"1319",2,39,7,4426810,0.1,223748,2.98491,459.405,1000
"1320",2,40,7,4615460,0.1,13247.2,5.85338,1727.07,1000
"1321",2,41,7,4855710,0.1,13207900,-1.00066,64.0782,1000
"1322",2,42,7,5478350,0.1,152861000,-3.32872,568.153,1000
"1323",2,43,7,4989720,0.1,705316,1.95649,205.432,1000
"1324",2,44,7,5629090,0.1,180664000,-3.46869,615.75,1000
"1325",2,45,7,5795390,0.1,2329400,0.911452,55.7262,1000
"1326",2,46,7,5306020,0.1,3515030000,-6.49596,2123.98,1000
"1327",2,47,7,5061230,0.1,36848000,-1.98519,211.103,1000
"1328",2,48,7,6659720,0.1,1006740,1.88936,192.813,1000
"1329",2,49,7,5892480,0.1,9735610,-0.502113,26.8114,1000
"1330",2,50,7,5001870,0.1,843774,1.77968,172.405,1000
"1331",2,51,7,4926490,0.1,165213000,-3.51261,630.948,1000
"1332",2,52,7,4790610,0.1,3930120,0.197987,15.9585,1000
"1333",2,53,7,6291440,0.1,19757200000,-8.05209,3256.08,1000
"1334",2,54,7,4579420,0.1,2315070000,-6.22562,1951.87,1000
"1335",2,55,7,6088010,0.1,160118000,-3.26959,548.75,1000
"1336",2,56,7,6078480,0.1,768231000,-4.83934,1185.2,1000
"1337",2,57,7,5301060,0.1,3063790,0.548255,29.1289,1000
"1338",2,58,7,5946140,0.1,678892000,-4.73772,1136.51,1000
"1339",2,59,7,4721010,0.1,153383000,-3.48092,619.823,1000
"1340",2,60,7,6006350,0.1,15089600,-0.921189,56.6542,1000
"1341",2,61,7,5431550,0.1,268386000,-3.9002,774.702,1000
"1342",2,62,7,5035240,0.1,32435900,-1.86281,187.551,1000
"1343",2,63,7,5949210,0.1,7361290,-0.212977,16.4831,1000
"1344",2,64,7,6941490,0.1,59809800,-2.15365,246.28,1000
"1345",2,65,7,7252110,0.1,18482400,-0.935529,58.1738,1000
"1346",2,66,7,6522750,0.1,2001820,1.18124,84.0735,1000
"1347",2,67,7,5016990,0.1,962655,1.65089,150.317,1000
"1348",2,68,7,4995320,0.1,317429000,-4.15175,875.894,1000
"1349",2,69,7,6110440,0.1,377306,2.7847,401.969,1000
"1350",2,70,7,4823210,0.1,8725770,-0.592842,31.5784,1000
"1351",2,71,7,4876000,0.1,153240000,-3.44768,608.341,1000
"1352",2,72,7,4600610,0.1,310343,2.69627,377.45,1000
"1353",2,73,7,5202010,0.1,349297,2.70088,378.818,1000
"1354",2,74,7,5699000,0.1,2673540,0.756886,42.816,1000
"1355",2,75,7,5250430,0.1,93623900,-2.88098,429.091,1000
"1356",2,76,7,6150850,0.1,1023360,1.79349,175.08,1000
"1357",2,77,7,5321260,0.1,60942.6,4.46953,1012.94,1000
"1358",2,78,7,5005370,0.1,2843.15,7.47335,2806.59,1000
"1359",2,79,7,4989390,0.1,514.689,9.17926,4226.98,1000
"1360",2,80,7,4756220,0.1,3625.97,7.17909,2590.96,1000
"1361",2,1,8,2040020,0.1,16365500,-2.08221,229.925,1000
"1362",2,2,8,1505840,0.1,15380200,-2.32373,282.828,1000
"1363",2,3,8,1713790,0.1,12792800,-2.01018,215.012,1000
"1364",2,4,8,1410860,0.1,4191950,-1.08897,72.0686,1000
"1365",2,5,8,1163530,0.1,1997110,-0.540242,27.1764,1000
"1366",2,6,8,1021610,0.1,510985,0.692798,36.4517,1000
"1367",2,7,8,1531900,0.1,6384510,-1.42737,114.727,1000
"1368",2,8,8,1455210,0.1,2475270000,-7.43896,2779.71,1000
"1369",2,9,8,1891470,0.1,642180000,-5.82752,1711.07,1000
"1370",2,10,8,1994210,0.1,159260000,-4.38029,972.469,1000
"1371",2,11,8,2066520,0.1,46538400,-3.11441,498.136,1000
"1372",2,12,8,1852330,0.1,40817600,-3.09267,491.279,1000
"1373",2,13,8,1360220,0.1,6722600,-1.59783,140.392,1000
"1374",2,14,8,1138360,0.1,1136640,0.00150871,12.5616,1000
"1375",2,15,8,824500,0.1,2688930,-1.18212,82.1094,1000
"1376",2,16,8,661042,0.1,704999,-0.0643793,12.2252,1000
"1377",2,17,8,416359,0.1,30616300,-4.29774,935.084,1000
"1378",2,18,8,469318,0.1,8288630,-2.87136,423.91,1000
"1379",2,19,8,378324,0.1,28655800,-4.32736,947.762,1000
"1380",2,20,8,300026,0.1,6711260,-3.10767,494.109,1000
"1381",2,21,8,248106,0.1,1965330,-2.06956,225.192,1000
"1382",2,22,8,253293,0.1,500501,-0.68106,34.2508,1000
"1383",2,23,8,305180,0.1,78070.2,1.36329,104.173,1000
"1384",2,24,8,488541,0.1,1814930,-1.31238,97.8322,1000
"1385",2,25,8,783023,0.1,402952,0.664345,34.255,1000
"1386",2,26,8,890092,0.1,69702.2,2.54709,336.7,1000
"1387",2,27,8,1126850,0.1,804338,0.337163,18.2352,1000
"1388",2,28,8,1186760,0.1,10758300,-2.20445,255.583,1000
"1389",2,29,8,1192200,0.1,1863910,-0.446879,22.5927,1000
"1390",2,30,8,945064,0.1,307942,1.12134,75.2456,1000
"1391",2,31,8,785728,0.1,323634000,-6.02076,1824.67,1000
"1392",2,32,8,666907,0.1,124275000,-5.2276,1378.42,1000
"1393",2,33,8,755943,0.1,343739000,-6.11967,1884.67,1000
"1394",2,34,8,851646,0.1,75550700,-4.48539,1018.21,1000
"1395",2,35,8,712853,0.1,16129800,-3.11915,498.548,1000
"1396",2,36,8,744756,0.1,2674000,-1.27828,93.8365,1000
"1397",2,37,8,789419,0.1,410812,0.653161,33.5264,1000
"1398",2,38,8,940901,0.1,179430000,-5.2507,1390.87,1000
"1399",2,39,8,1007230,0.1,23892000,-3.16634,513.724,1000
"1400",2,40,8,1092230,0.1,2926580,-0.985607,61.0912,1000
"1401",2,41,8,1356290,0.1,1138320,0.175203,14.2714,1000
"1402",2,42,8,1520210,0.1,1459480,0.0407662,12.9338,1000
"1403",2,43,8,1807640,0.1,272368,1.89262,192.124,1000
"1404",2,44,8,1684210,0.1,215448000,-4.85142,1189.77,1000
"1405",2,45,8,1580930,0.1,56435300,-3.57508,651.95,1000
"1406",2,46,8,1948390,0.1,25955600,-2.58939,348.345,1000
"1407",2,47,8,1699960,0.1,5176300,-1.11349,74.955,1000
"1408",2,48,8,1485180,0.1,1220120,0.196584,14.7597,1000
"1409",2,49,8,1745690,0.1,52495000,-3.40357,592.202,1000
"1410",2,50,8,1761920,0.1,197780000,-4.72075,1127.27,1000
"1411",2,51,8,2551210,0.1,43991700,-2.84744,418.763,1000
"1412",2,52,8,2781150,0.1,17793000,-1.85594,185.68,1000
"1413",2,53,8,3403620,0.1,5402160,-0.461959,24.327,1000
"1414",2,54,8,3467680,0.1,9580950,-1.01629,65.3176,1000
"1415",2,55,8,2785880,0.1,11237900,-1.39472,110.719,1000
"1416",2,56,8,2503940,0.1,466770000,-5.22797,1379.93,1000
"1417",2,57,8,2474770,0.1,66887400,-3.29686,556.803,1000
"1418",2,58,8,2385060,0.1,39812300,-2.81495,409.499,1000
"1419",2,59,8,2451110,0.1,7228230,-1.08145,71.8053,1000
"1420",2,60,8,1890020,0.1,1029510,0.607502,31.5214,1000
"1421",2,61,8,2354500,0.1,17001600,-1.97698,208.71,1000
"1422",2,62,8,2312490,0.1,18232400,-2.06487,226.455,1000
"1423",2,63,8,2240350,0.1,92395600,-3.71945,704.953,1000
"1424",2,64,8,3070730,0.1,7302260,-0.866269,51.0749,1000
"1425",2,65,8,3399160,0.1,737821,1.52758,130.331,1000
"1426",2,66,8,3225130,0.1,608396,1.6679,152.698,1000
"1427",2,67,8,2734030,0.1,1681040,0.486367,25.2653,1000
"1428",2,68,8,1860690,0.1,5724480,-1.1238,76.1994,1000
"1429",2,69,8,1476730,0.1,5841600,-1.37517,107.377,1000
"1430",2,70,8,1553530,0.1,195870000,-4.83692,1182.66,1000
"1431",2,71,8,1490040,0.1,167007000,-4.71923,1126.39,1000
"1432",2,72,8,1445850,0.1,13416700,-2.22781,260.957,1000
"1433",2,73,8,2170320,0.1,846007,0.942102,57.5846,1000
"1434",2,74,8,2402100,0.1,4721130,-0.675704,36.137,1000
"1435",2,75,8,3575840,0.1,581821,1.81579,178.561,1000
"1436",2,76,8,4127610,0.1,35836.5,4.74649,1140.31,1000
"1437",2,77,8,5573390,0.1,278855,2.99506,462.67,1000
"1438",2,78,8,5452170,0.1,25237400,-1.53231,131.527,1000
"1439",2,79,8,5834960,0.1,3216500,0.595574,31.9311,1000
"1440",2,80,8,4571720,0.1,69216200,-2.71735,383.15,1000
"1441",2,1,9,279338,0.1,3233000,-2.44874,310.974,1000
"1442",2,2,9,347314,0.1,3886400,-2.41501,302.988,1000
"1443",2,3,9,340067,0.1,3552620,-2.3463,286.609,1000
"1444",2,4,9,268324,0.1,3182150,-2.47312,316.931,1000
"1445",2,5,9,318030,0.1,2847070,-2.1919,251.508,1000
"1446",2,6,9,416148,0.1,2391670,-1.74871,164.454,1000
"1447",2,7,9,273410,0.1,1871910,-1.92374,196.175,1000
"1448",2,8,9,441535,0.1,1462800,-1.19785,83.3569,1000
"1449",2,9,9,326329,0.1,1143080,-1.25357,89.8841,1000
"1450",2,10,9,430261,0.1,869747,-0.703811,36.356,1000
"1451",2,11,9,458194,0.1,765304,-0.512981,24.8089,1000
"1452",2,12,9,425230,0.1,721436,-0.528613,25.5483,1000
"1453",2,13,9,376659,0.1,634388,-0.521319,25.0441,1000
"1454",2,14,9,340049,0.1,518094,-0.421067,20.2181,1000
"1455",2,15,9,414519,0.1,408814,0.0138592,11.5608,1000
"1456",2,16,9,388819,0.1,319567,0.196148,13.4109,1000
"1457",2,17,9,431198,0.1,251368,0.539651,26.1518,1000
"1458",2,18,9,359121,0.1,197612,0.597354,29.2494,1000
"1459",2,19,9,352706,0.1,152542,0.838192,46.5181,1000
"1460",2,20,9,440051,0.1,117636,1.31929,98.6378,1000
"1461",2,21,9,376578,0.1,89098.6,1.44138,115.334,1000
"1462",2,22,9,368082,0.1,65990.8,1.71879,159.144,1000
"1463",2,23,9,362351,0.1,48708.7,2.00676,212.771,1000
"1464",2,24,9,405410,0.1,49594.2,2.10103,232.244,1000
"1465",2,25,9,425010,0.1,54469.7,2.05447,222.618,1000
"1466",2,26,9,431597,0.1,57616.5,2.01368,214.338,1000
"1467",2,27,9,371761,0.1,57053.3,1.87427,187.086,1000
"1468",2,28,9,398521,0.1,53779.1,2.00287,212.087,1000
"1469",2,29,9,424343,0.1,46934.5,2.20179,253.968,1000
"1470",2,30,9,548824,0.1,36671.3,2.70578,377.895,1000
"1471",2,31,9,457421,0.1,28120.4,2.78911,400.607,1000
"1472",2,32,9,474109,0.1,23750,2.99385,459.844,1000
"1473",2,33,9,433842,0.1,27233.9,2.76822,394.748,1000
"1474",2,34,9,444844,0.1,27402.9,2.78707,400.011,1000
"1475",2,35,9,404994,0.1,24266.7,2.81477,407.673,1000
"1476",2,36,9,510522,0.1,18480.9,3.31869,562.446,1000
"1477",2,37,9,442981,0.1,12312,3.58295,653.494,1000
"1478",2,38,9,369544,0.1,47200.8,2.05786,223.176,1000
"1479",2,39,9,313892,0.1,62123.2,1.61993,142.482,1000
"1480",2,40,9,380397,0.1,64249.9,1.77844,169.607,1000
"1481",2,41,9,390325,0.1,57495.5,1.91527,194.905,1000
"1482",2,42,9,402848,0.1,47841.9,2.13066,238.508,1000
"1483",2,43,9,364375,0.1,38942.1,2.23611,261.431,1000
"1484",2,44,9,457332,0.1,39919.4,2.43855,308.975,1000
"1485",2,45,9,443172,0.1,45070.4,2.28573,272.847,1000
"1486",2,46,9,423951,0.1,45998.8,2.221,258.216,1000
"1487",2,47,9,371992,0.1,41438.2,2.19467,252.272,1000
"1488",2,48,9,351774,0.1,35188.5,2.30227,276.409,1000
"1489",2,49,9,325988,0.1,28051,2.45284,312.131,1000
"1490",2,50,9,363998,0.1,21748.1,2.81762,408.37,1000
"1491",2,51,9,393138,0.1,15853.4,3.21078,526.953,1000
"1492",2,52,9,395122,0.1,13037.9,3.41134,593.365,1000
"1493",2,53,9,405816,0.1,10767.7,3.62935,670.139,1000
"1494",2,54,9,520314,0.1,7618.82,4.22381,903.807,1000
"1495",2,55,9,387372,0.1,4702.12,4.41137,984.493,1000
"1496",2,56,9,484636,0.1,3158.01,5.03345,1278.49,1000
"1497",2,57,9,451566,0.1,2169.82,5.33808,1436.39,1000
"1498",2,58,9,360878,0.1,2079,5.15665,1340.97,1000
"1499",2,59,9,375983,0.1,6362.27,4.07916,843.43,1000
"1500",2,60,9,436991,0.1,8912.25,3.89249,769.176,1000
"1501",2,61,9,425276,0.1,9997.72,3.75038,714.845,1000
"1502",2,62,9,448672,0.1,10930.8,3.71471,701.583,1000
"1503",2,63,9,503931,0.1,11149.1,3.81108,737.963,1000
"1504",2,64,9,364033,0.1,10763.5,3.52108,631.323,1000
"1505",2,65,9,367784,0.1,9800.62,3.62505,668.481,1000
"1506",2,66,9,392650,0.1,8219.92,3.86636,758.933,1000
"1507",2,67,9,460348,0.1,16850.4,3.30761,558.67,1000
"1508",2,68,9,411184,0.1,39972.8,2.33084,283.184,1000
"1509",2,69,9,397337,0.1,35092.7,2.42679,305.975,1000
"1510",2,70,9,371315,0.1,21671.2,2.84106,415.024,1000
"1511",2,71,9,502154,0.1,11538.4,3.77323,723.604,1000
"1512",2,72,9,433959,0.1,6081.23,4.26774,922.278,1000
"1513",2,73,9,509564,0.1,5586.16,4.51326,1030.24,1000
"1514",2,74,9,380452,0.1,4515.2,4.43391,994.443,1000
"1515",2,75,9,480028,0.1,4242.51,4.72869,1129.72,1000
"1516",2,76,9,330451,0.1,4119.57,4.38471,972.608,1000
"1517",2,77,9,444156,0.1,44020.4,2.31152,278.777,1000
"1518",2,78,9,345899,0.1,64961.5,1.67235,151.209,1000
"1519",2,79,9,420320,0.1,74242.1,1.73368,161.848,1000
"1520",2,80,9,393090,0.1,75424,1.65091,147.774,1000
"1521",2,1,10,1818960,0.1,42595500,-3.15348,510.253,1000
"1522",2,2,10,1763840,0.1,127384000,-4.27971,928.795,1000
"1523",2,3,10,2199250,0.1,233605000,-4.66551,1101.57,1000
"1524",2,4,10,2159650,0.1,376104000,-5.15992,1344.44,1000
"1525",2,5,10,2068480,0.1,629295000,-5.71778,1647.81,1000
"1526",2,6,10,2214940,0.1,798867000,-5.88797,1746.64,1000
"1527",2,7,10,2202890,0.1,836399000,-5.93934,1777.01,1000
"1528",2,8,10,2141000,0.1,774145000,-5.89049,1748.09,1000
"1529",2,9,10,1733730,0.1,654641000,-5.93381,1773.49,1000
"1530",2,10,10,2164610,0.1,529850000,-5.50035,1525.9,1000
"1531",2,11,10,2249550,0.1,461484000,-5.32372,1430.34,1000
"1532",2,12,10,1715750,0.1,403325000,-5.45989,1503.49,1000
"1533",2,13,10,1864500,0.1,350817000,-5.23727,1384.51,1000
"1534",2,14,10,2022050,0.1,389888000,-5.26175,1397.43,1000
"1535",2,15,10,1986980,0.1,421013000,-5.35605,1447.48,1000
"1536",2,16,10,1862620,0.1,6306810000,-8.1274,3315.79,1000
"1537",2,17,10,1570980,0.1,11463900000,-8.89526,3969.17,1000
"1538",2,18,10,1569460,0.1,12670800000,-8.99633,4059.58,1000
"1539",2,19,10,1393980,0.1,11552900000,-9.02253,4083.06,1000
"1540",2,20,10,1726690,0.1,9569860000,-8.62017,3728.34,1000
"1541",2,21,10,1701550,0.1,7645090000,-8.41028,3549.6,1000
"1542",2,22,10,1500360,0.1,5975740000,-8.28976,3448.84,1000
"1543",2,23,10,1707980,0.1,4571840000,-7.89236,3127.44,1000
"1544",2,24,10,1549790,0.1,3445010000,-7.70656,2982.42,1000
"1545",2,25,10,1317260,0.1,2570660000,-7.57636,2882.77,1000
"1546",2,26,10,1556090,0.1,1914720000,-7.11515,2544.14,1000
"1547",2,27,10,1042980,0.1,1424890000,-7.21977,2618.73,1000
"1548",2,28,10,1311940,0.1,1074050000,-6.70768,2262.35,1000
"1549",2,29,10,1569600,0.1,815988000,-6.25358,1968.24,1000
"1550",2,30,10,1096440,0.1,673492000,-6.42041,2073.61,1000
"1551",2,31,10,1216510,0.1,575044000,-6.15846,1908.96,1000
"1552",2,32,10,1576230,0.1,547624000,-5.85055,1724.34,1000
"1553",2,33,10,1513040,0.1,540684000,-5.87871,1740.81,1000
"1554",2,34,10,1086410,0.1,485764000,-6.10284,1874.75,1000
"1555",2,35,10,1399670,0.1,391246000,-5.6331,1599.36,1000
"1556",2,36,10,1546950,0.1,290901000,-5.2367,1384.02,1000
"1557",2,37,10,1658520,0.1,204602000,-4.81514,1172.22,1000
"1558",2,38,10,1434650,0.1,161602000,-4.72422,1128.7,1000
"1559",2,39,10,1473120,0.1,125262000,-4.44303,999.843,1000
"1560",2,40,10,1140380,0.1,90298400,-4.37176,968.177,1000
"1561",2,41,10,1398210,0.1,63134600,-3.81008,738.602,1000
"1562",2,42,10,1723940,0.1,44360000,-3.24772,540.362,1000
"1563",2,43,10,1482570,0.1,67170300,-3.81345,739.947,1000
"1564",2,44,10,1431470,0.1,78673900,-4.00661,815.436,1000
"1565",2,45,10,2074480,0.1,71277000,-3.53686,638.631,1000
"1566",2,46,10,1538020,0.1,58210700,-3.63358,673.006,1000
"1567",2,47,10,1768800,0.1,45034000,-3.23712,536.948,1000
"1568",2,48,10,1839260,0.1,47844000,-3.25858,543.96,1000
"1569",2,49,10,1848050,0.1,49939500,-3.29668,556.451,1000
"1570",2,50,10,2172590,0.1,45136800,-3.03378,473.398,1000
"1571",2,51,10,1809660,0.1,55417900,-3.42176,598.448,1000
"1572",2,52,10,2170750,0.1,62417700,-3.35878,577.276,1000
"1573",2,53,10,2012800,0.1,109545000,-3.99681,811.856,1000
"1574",2,54,10,2013980,0.1,165690000,-4.41001,985.539,1000
"1575",2,55,10,1873690,0.1,172182000,-4.52064,1034.87,1000
"1576",2,56,10,1617540,0.1,144124000,-4.48977,1020.81,1000
"1577",2,57,10,1588990,0.1,107859000,-4.21773,902.356,1000
"1578",2,58,10,2173060,0.1,122364000,-4.03086,825.601,1000
"1579",2,59,10,1632100,0.1,185688000,-4.7342,1133.55,1000
"1580",2,60,10,2254120,0.1,194143000,-4.45584,1005.97,1000
"1581",2,61,10,1911790,0.1,162423000,-4.44217,999.723,1000
"1582",2,62,10,2050790,0.1,125553000,-4.1145,859.607,1000
"1583",2,63,10,2001050,0.1,151531000,-4.32712,949.322,1000
"1584",2,64,10,1826570,0.1,161253000,-4.48053,1016.79,1000
"1585",2,65,10,1768220,0.1,203279000,-4.74461,1138.57,1000
"1586",2,66,10,1754620,0.1,215186000,-4.80925,1169.44,1000
"1587",2,67,10,1727990,0.1,179148000,-4.64126,1090.04,1000
"1588",2,68,10,1662520,0.1,133126000,-4.38296,973.458,1000
"1589",2,69,10,1428860,0.1,139373000,-4.58028,1061.74,1000
"1590",2,70,10,1701270,0.1,111435000,-4.18206,887.445,1000
"1591",2,71,10,1775930,0.1,77814000,-3.78,727.425,1000
"1592",2,72,10,1774530,0.1,59178300,-3.50702,627.965,1000
"1593",2,73,10,1504920,0.1,39469200,-3.26678,546.435,1000
"1594",2,74,10,1835360,0.1,54236100,-3.3861,586.324,1000
"1595",2,75,10,1535390,0.1,298439000,-5.26978,1401.39,1000
"1596",2,76,10,1905380,0.1,377371000,-5.28855,1411.51,1000
"1597",2,77,10,1360930,0.1,415731000,-5.72187,1649.73,1000
"1598",2,78,10,1709040,0.1,364187000,-5.36174,1450.38,1000
"1599",2,79,10,1490700,0.1,285946000,-5.25656,1394.4,1000
"1600",2,80,10,1773930,0.1,213995000,-4.79275,1161.53,1000
"1601",2,1,11,15254100,0.1,517910000,-3.52495,636.422,1000
"1602",2,2,11,16213000,0.1,3.66119e+11,-10.0249,5040.15,1000
"1603",2,3,11,15566200,0.1,1.54939e+12,-11.5083,6637.19,1000
"1604",2,4,11,18489400,0.1,3.87911e+12,-12.2539,7523.28,1000
"1605",2,5,11,15918400,0.1,5.11774e+12,-12.6807,8055.27,1000
"1606",2,6,11,18717400,0.1,5.42136e+12,-12.5764,7923.66,1000
"1607",2,7,11,20245600,0.1,5.23182e+12,-12.4623,7780.93,1000
"1608",2,8,11,19875700,0.1,4.10314e+12,-12.2378,7503.57,1000
"1609",2,9,11,20281200,0.1,3.22719e+12,-11.9774,7188.38,1000
"1610",2,10,11,18324000,0.1,2.42793e+12,-11.7943,6970.66,1000
"1611",2,11,11,19185900,0.1,1.83409e+12,-11.4679,6591,1000
"1612",2,12,11,19397600,0.1,2.34789e+12,-11.7039,6864.44,1000
"1613",2,13,11,18587400,0.1,4.41824e+12,-12.3788,7677.05,1000
"1614",2,14,11,19407700,0.1,5.00474e+12,-12.4602,7778.26,1000
"1615",2,15,11,18613600,0.1,3.8096e+12,-12.2291,7492.95,1000
"1616",2,16,11,18044300,0.1,3.26999e+12,-12.1075,7344.86,1000
"1617",2,17,11,15267300,0.1,2.81855e+12,-12.126,7367.18,1000
"1618",2,18,11,13521600,0.1,4.32129e+12,-12.6748,8047.54,1000
"1619",2,19,11,14192100,0.1,5.43871e+12,-12.8564,8279.4,1000
"1620",2,20,11,13033900,0.1,4.09877e+12,-12.6586,8027.06,1000
"1621",2,21,11,12401000,0.1,3.14827e+12,-12.4446,7758.34,1000
"1622",2,22,11,11321000,0.1,2.68715e+13,-14.6799,10789.9,1000
"1623",2,23,11,9290410,0.1,4.44548e+13,-15.381,11843.4,1000
"1624",2,24,11,11036200,0.1,3.86128e+13,-15.0679,11366.9,1000
"1625",2,25,11,9851980,0.1,3.45592e+13,-15.0705,11370.7,1000
"1626",2,26,11,8849960,0.1,2.63817e+13,-14.9078,11126.7,1000
"1627",2,27,11,9487290,0.1,1.97501e+13,-14.5487,10597.9,1000
"1628",2,28,11,8462380,0.1,1.48589e+13,-14.3785,10351.6,1000
"1629",2,29,11,8373020,0.1,1.10574e+13,-14.0936,9946.02,1000
"1630",2,30,11,8413330,0.1,8.23557e+12,-13.7942,9528.5,1000
"1631",2,31,11,6498710,0.1,6.21029e+12,-13.7701,9495.11,1000
"1632",2,32,11,7607120,0.1,4.93154e+12,-13.3821,8968.46,1000
"1633",2,33,11,8086730,0.1,3.89829e+12,-13.0858,8576.46,1000
"1634",2,34,11,7791120,0.1,2.91079e+12,-12.831,8246.15,1000
"1635",2,35,11,8386140,0.1,2.26328e+12,-12.5057,7834.24,1000
"1636",2,36,11,8647360,0.1,2.56121e+12,-12.5987,7951,1000
"1637",2,37,11,9921930,0.1,4.39448e+12,-13.0011,8466.17,1000
"1638",2,38,11,9008710,0.1,5.3371e+12,-13.292,8848.5,1000
"1639",2,39,11,8521850,0.1,4.36033e+12,-13.1454,8654.69,1000
"1640",2,40,11,9082270,0.1,3.38274e+12,-12.8279,8242.35,1000
"1641",2,41,11,7482320,0.1,2.64175e+12,-12.7744,8173.72,1000
"1642",2,42,11,8497300,0.1,5.68267e+12,-13.4132,9010.25,1000
"1643",2,43,11,9663660,0.1,7.94178e+12,-13.6193,9288.93,1000
"1644",2,44,11,10471000,0.1,5.95362e+12,-13.2509,8794.1,1000
"1645",2,45,11,9119560,0.1,4.42747e+12,-13.0929,8585.87,1000
"1646",2,46,11,9723170,0.1,3.42232e+12,-12.7713,8170.04,1000
"1647",2,47,11,10701500,0.1,2.68297e+12,-12.432,7742.59,1000
"1648",2,48,11,11037400,0.1,2.50127e+12,-12.331,7617.54,1000
"1649",2,49,11,15168200,0.1,3.71473e+12,-12.4086,7713.83,1000
"1650",2,50,11,11936300,0.1,4.15597e+12,-12.7605,8156.39,1000
"1651",2,51,11,15223000,0.1,3.15973e+12,-12.2432,7509.94,1000
"1652",2,52,11,12720500,0.1,2.39784e+12,-12.1469,7392.29,1000
"1653",2,53,11,14908500,0.1,1.84127e+12,-11.724,6887.78,1000
"1654",2,54,11,16393500,0.1,2.62857e+12,-11.9851,7197.32,1000
"1655",2,55,11,11504400,0.1,3.2237e+12,-12.5433,7881.61,1000
"1656",2,56,11,16105700,0.1,3.21207e+12,-12.2033,7461.18,1000
"1657",2,57,11,14853100,0.1,3.81133e+12,-12.4553,7771.83,1000
"1658",2,58,11,14437400,0.1,4.06621e+12,-12.5484,7888.22,1000
"1659",2,59,11,13865500,0.1,3.92947e+12,-12.5546,7895.98,1000
"1660",2,60,11,14405800,0.1,3.47069e+12,-12.3922,7693.47,1000
"1661",2,61,11,14734500,0.1,7.48448e+12,-13.1381,8645.67,1000
"1662",2,62,11,15840400,0.1,1.81482e+13,-13.9515,9747.43,1000
"1663",2,63,11,16413300,0.1,2.14882e+13,-14.0849,9934.48,1000
"1664",2,64,11,15752300,0.1,1.61982e+13,-13.8434,9597.21,1000
"1665",2,65,11,15005000,0.1,2.08251e+13,-14.1433,10016.8,1000
"1666",2,66,11,13333500,0.1,2.50065e+13,-14.4444,10447,1000
"1667",2,67,11,13125100,0.1,1.95029e+13,-14.2116,10113.4,1000
"1668",2,68,11,17574200,0.1,1.44961e+13,-13.623,9294.55,1000
"1669",2,69,11,16480900,0.1,1.16591e+13,-13.4694,9086.47,1000
"1670",2,70,11,15371400,0.1,9.5558e+12,-13.3402,8913.15,1000
"1671",2,71,11,14096900,0.1,7.12515e+12,-13.1332,8639.11,1000
"1672",2,72,11,15195800,0.1,5.291e+12,-12.7605,8156.67,1000
"1673",2,73,11,13364600,0.1,3.94348e+12,-12.595,7946.68,1000
"1674",2,74,11,14983700,0.1,3.00115e+12,-12.2075,7466.35,1000
"1675",2,75,11,11903400,0.1,2.34126e+12,-12.1894,7443.95,1000
"1676",2,76,11,14344000,0.1,3.28773e+13,-14.645,10738.8,1000
"1677",2,77,11,11401800,0.1,5.55153e+13,-15.3984,11870.4,1000
"1678",2,78,11,14133400,0.1,5.28446e+13,-15.1343,11467.5,1000
"1679",2,79,11,15435900,0.1,5.10558e+13,-15.0117,11282.8,1000
"1680",2,80,11,11074200,0.1,3.87286e+13,-15.0675,11366.3,1000
